component,filename,variable,dtype,non_missing,missing_pct
demographics,DEMO_I.XPT,SEQN,float64,9971,0.0
demographics,DEMO_I.XPT,SDDSRVYR,float64,9971,0.0
demographics,DEMO_I.XPT,RIDSTATR,float64,9971,0.0
demographics,DEMO_I.XPT,RIAGENDR,float64,9971,0.0
demographics,DEMO_I.XPT,RIDAGEYR,float64,9971,0.0
demographics,DEMO_I.XPT,RIDAGEMN,float64,695,0.9302978638050347
demographics,DEMO_I.XPT,RIDRETH1,float64,9971,0.0
demographics,DEMO_I.XPT,RIDRETH3,float64,9971,0.0
demographics,DEMO_I.XPT,RIDEXMON,float64,9544,0.04282419015143917
demographics,DEMO_I.XPT,RIDEXAGM,float64,4060,0.5928191756092669
demographics,DEMO_I.XPT,DMQMILIZ,float64,6149,0.3833116036505867
demographics,DEMO_I.XPT,DMQADFC,float64,527,0.9471467255039615
demographics,DEMO_I.XPT,DMDBORN4,float64,9971,0.0
demographics,DEMO_I.XPT,DMDCITZN,float64,9969,0.00020058168689198675
demographics,DEMO_I.XPT,DMDYRSUS,float64,2236,0.7757496740547588
demographics,DEMO_I.XPT,DMDEDUC3,float64,2647,0.7345301373984555
demographics,DEMO_I.XPT,DMDEDUC2,float64,5719,0.4264366663323639
demographics,DEMO_I.XPT,DMDMARTL,float64,5719,0.4264366663323639
demographics,DEMO_I.XPT,RIDEXPRG,float64,1288,0.8708253936415605
demographics,DEMO_I.XPT,SIALANG,float64,9971,0.0
demographics,DEMO_I.XPT,SIAPROXY,float64,9970,0.00010029084344599338
demographics,DEMO_I.XPT,SIAINTRP,float64,9971,0.0
demographics,DEMO_I.XPT,FIALANG,float64,9642,0.03299568749373182
demographics,DEMO_I.XPT,FIAPROXY,float64,9642,0.03299568749373182
demographics,DEMO_I.XPT,FIAINTRP,float64,9642,0.03299568749373182
demographics,DEMO_I.XPT,MIALANG,float64,6977,0.30027078527730416
demographics,DEMO_I.XPT,MIAPROXY,float64,6978,0.3001704944338582
demographics,DEMO_I.XPT,MIAINTRP,float64,6978,0.3001704944338582
demographics,DEMO_I.XPT,AIALANGA,float64,5962,0.40206599137498744
demographics,DEMO_I.XPT,DMDHHSIZ,float64,9971,0.0
demographics,DEMO_I.XPT,DMDFMSIZ,float64,9971,0.0
demographics,DEMO_I.XPT,DMDHHSZA,float64,9971,0.0
demographics,DEMO_I.XPT,DMDHHSZB,float64,9971,0.0
demographics,DEMO_I.XPT,DMDHHSZE,float64,9971,0.0
demographics,DEMO_I.XPT,DMDHRGND,float64,9971,0.0
demographics,DEMO_I.XPT,DMDHRAGE,float64,9971,0.0
demographics,DEMO_I.XPT,DMDHRBR4,float64,9575,0.03971517400461338
demographics,DEMO_I.XPT,DMDHREDU,float64,9575,0.03971517400461338
demographics,DEMO_I.XPT,DMDHRMAR,float64,9909,0.006218032293651589
demographics,DEMO_I.XPT,DMDHSEDU,float64,5226,0.4758800521512386
demographics,DEMO_I.XPT,WTINT2YR,float64,9971,0.0
demographics,DEMO_I.XPT,WTMEC2YR,float64,9971,0.0
demographics,DEMO_I.XPT,SDMVPSU,float64,9971,0.0
demographics,DEMO_I.XPT,SDMVSTRA,float64,9971,0.0
demographics,DEMO_I.XPT,INDHHIN2,float64,9626,0.03460034098886772
demographics,DEMO_I.XPT,INDFMIN2,float64,9642,0.03299568749373182
demographics,DEMO_I.XPT,INDFMPIR,float64,8919,0.10550596730518504
diabetes_questionnaire,DIQ_I.XPT,SEQN,float64,9575,0.0
diabetes_questionnaire,DIQ_I.XPT,DIQ010,float64,9575,0.0
diabetes_questionnaire,DIQ_I.XPT,DID040,float64,853,0.9109138381201044
diabetes_questionnaire,DIQ_I.XPT,DIQ160,float64,6045,0.36866840731070494
diabetes_questionnaire,DIQ_I.XPT,DIQ170,float64,6186,0.3539425587467363
diabetes_questionnaire,DIQ_I.XPT,DIQ172,float64,6186,0.3539425587467363
diabetes_questionnaire,DIQ_I.XPT,DIQ175A,float64,1186,0.8761357702349869
diabetes_questionnaire,DIQ_I.XPT,DIQ175B,float64,601,0.9372323759791122
diabetes_questionnaire,DIQ_I.XPT,DIQ175C,float64,160,0.983289817232376
diabetes_questionnaire,DIQ_I.XPT,DIQ175D,float64,459,0.9520626631853786
diabetes_questionnaire,DIQ_I.XPT,DIQ175E,float64,155,0.9838120104438642
diabetes_questionnaire,DIQ_I.XPT,DIQ175F,float64,53,0.9944647519582246
diabetes_questionnaire,DIQ_I.XPT,DIQ175G,float64,280,0.970757180156658
diabetes_questionnaire,DIQ_I.XPT,DIQ175H,float64,258,0.9730548302872063
diabetes_questionnaire,DIQ_I.XPT,DIQ175I,float64,77,0.9919582245430809
diabetes_questionnaire,DIQ_I.XPT,DIQ175J,float64,150,0.9843342036553525
diabetes_questionnaire,DIQ_I.XPT,DIQ175K,float64,31,0.9967624020887729
diabetes_questionnaire,DIQ_I.XPT,DIQ175L,float64,59,0.9938381201044386
diabetes_questionnaire,DIQ_I.XPT,DIQ175M,float64,138,0.9855874673629242
diabetes_questionnaire,DIQ_I.XPT,DIQ175N,float64,109,0.9886161879895561
diabetes_questionnaire,DIQ_I.XPT,DIQ175O,float64,134,0.9860052219321149
diabetes_questionnaire,DIQ_I.XPT,DIQ175P,float64,117,0.9877806788511749
diabetes_questionnaire,DIQ_I.XPT,DIQ175Q,float64,136,0.9857963446475195
diabetes_questionnaire,DIQ_I.XPT,DIQ175R,float64,23,0.997597911227154
diabetes_questionnaire,DIQ_I.XPT,DIQ175S,float64,31,0.9967624020887729
diabetes_questionnaire,DIQ_I.XPT,DIQ175T,float64,105,0.9890339425587468
diabetes_questionnaire,DIQ_I.XPT,DIQ175U,float64,79,0.9917493472584856
diabetes_questionnaire,DIQ_I.XPT,DIQ175V,float64,11,0.9988511749347259
diabetes_questionnaire,DIQ_I.XPT,DIQ175W,float64,4,0.9995822454308094
diabetes_questionnaire,DIQ_I.XPT,DIQ175X,float64,1,0.9998955613577023
diabetes_questionnaire,DIQ_I.XPT,DIQ180,float64,6186,0.3539425587467363
diabetes_questionnaire,DIQ_I.XPT,DIQ050,float64,9575,0.0
diabetes_questionnaire,DIQ_I.XPT,DID060,float64,256,0.9732637075718016
diabetes_questionnaire,DIQ_I.XPT,DIQ060U,float64,249,0.9739947780678851
diabetes_questionnaire,DIQ_I.XPT,DIQ070,float64,1515,0.8417754569190601
diabetes_questionnaire,DIQ_I.XPT,DIQ230,float64,853,0.9109138381201044
diabetes_questionnaire,DIQ_I.XPT,DIQ240,float64,853,0.9109138381201044
diabetes_questionnaire,DIQ_I.XPT,DID250,float64,643,0.932845953002611
diabetes_questionnaire,DIQ_I.XPT,DID260,float64,849,0.9113315926892951
diabetes_questionnaire,DIQ_I.XPT,DIQ260U,float64,661,0.9309660574412533
diabetes_questionnaire,DIQ_I.XPT,DIQ275,float64,853,0.9109138381201044
diabetes_questionnaire,DIQ_I.XPT,DIQ280,float64,641,0.9330548302872063
diabetes_questionnaire,DIQ_I.XPT,DIQ291,float64,641,0.9330548302872063
diabetes_questionnaire,DIQ_I.XPT,DIQ300S,float64,845,0.9117493472584857
diabetes_questionnaire,DIQ_I.XPT,DIQ300D,float64,845,0.9117493472584857
diabetes_questionnaire,DIQ_I.XPT,DID310S,float64,846,0.911644908616188
diabetes_questionnaire,DIQ_I.XPT,DID310D,float64,846,0.911644908616188
diabetes_questionnaire,DIQ_I.XPT,DID320,float64,846,0.911644908616188
diabetes_questionnaire,DIQ_I.XPT,DID330,float64,753,0.9213577023498695
diabetes_questionnaire,DIQ_I.XPT,DID341,float64,843,0.911958224543081
diabetes_questionnaire,DIQ_I.XPT,DID350,float64,843,0.911958224543081
diabetes_questionnaire,DIQ_I.XPT,DIQ350U,float64,699,0.9269973890339426
diabetes_questionnaire,DIQ_I.XPT,DIQ360,float64,846,0.911644908616188
diabetes_questionnaire,DIQ_I.XPT,DIQ080,float64,846,0.911644908616188
body_measures,BMX_I.XPT,SEQN,float64,9544,0.0
body_measures,BMX_I.XPT,BMDSTATS,float64,9544,0.0
body_measures,BMX_I.XPT,BMXWT,float64,9445,0.010373009220452641
body_measures,BMX_I.XPT,BMIWT,float64,443,0.9535834031852473
body_measures,BMX_I.XPT,BMXRECUM,float64,1073,0.8875733445096395
body_measures,BMX_I.XPT,BMIRECUM,float64,33,0.9965423302598492
body_measures,BMX_I.XPT,BMXHEAD,float64,215,0.9774727577535625
body_measures,BMX_I.XPT,BMIHEAD,float64,0,1.0
body_measures,BMX_I.XPT,BMXHT,float64,8769,0.08120284995808885
body_measures,BMX_I.XPT,BMIHT,float64,105,0.9889983235540654
body_measures,BMX_I.XPT,BMXBMI,float64,8756,0.08256496227996647
body_measures,BMX_I.XPT,BMDBMIC,float64,3340,0.6500419111483655
body_measures,BMX_I.XPT,BMXLEG,float64,7110,0.25502933780385584
body_measures,BMX_I.XPT,BMILEG,float64,402,0.9578792958927075
body_measures,BMX_I.XPT,BMXARML,float64,8976,0.05951383067896061
body_measures,BMX_I.XPT,BMIARML,float64,420,0.9559932942162616
body_measures,BMX_I.XPT,BMXARMC,float64,8976,0.05951383067896061
body_measures,BMX_I.XPT,BMIARMC,float64,421,0.9558885163453479
body_measures,BMX_I.XPT,BMXWAIST,float64,8313,0.1289815590947192
body_measures,BMX_I.XPT,BMIWAIST,float64,489,0.9487636211232188
body_measures,BMX_I.XPT,BMXSAD1,float64,6983,0.26833612740989105
body_measures,BMX_I.XPT,BMXSAD2,float64,6983,0.26833612740989105
body_measures,BMX_I.XPT,BMXSAD3,float64,353,0.963013411567477
body_measures,BMX_I.XPT,BMXSAD4,float64,353,0.963013411567477
body_measures,BMX_I.XPT,BMDAVSAD,float64,6983,0.26833612740989105
body_measures,BMX_I.XPT,BMDSADCM,float64,446,0.9532690695725062
blood_pressure_exam,BPX_I.XPT,SEQN,float64,9544,0.0
blood_pressure_exam,BPX_I.XPT,PEASCCT1,float64,236,0.9752724224643755
blood_pressure_exam,BPX_I.XPT,BPXCHR,float64,1938,0.796940486169321
blood_pressure_exam,BPX_I.XPT,BPAARM,float64,7398,0.22485331098072087
blood_pressure_exam,BPX_I.XPT,BPACSZ,float64,7386,0.22611064543168483
blood_pressure_exam,BPX_I.XPT,BPXPLS,float64,7376,0.22715842414082146
blood_pressure_exam,BPX_I.XPT,BPXPULS,float64,9314,0.024098910310142496
blood_pressure_exam,BPX_I.XPT,BPXPTY,float64,7376,0.22715842414082146
blood_pressure_exam,BPX_I.XPT,BPXML1,float64,7371,0.22768231349538978
blood_pressure_exam,BPX_I.XPT,BPXSY1,float64,7145,0.2513621123218776
blood_pressure_exam,BPX_I.XPT,BPXDI1,float64,7145,0.2513621123218776
blood_pressure_exam,BPX_I.XPT,BPAEN1,float64,7145,0.2513621123218776
blood_pressure_exam,BPX_I.XPT,BPXSY2,float64,7313,0.23375943000838223
blood_pressure_exam,BPX_I.XPT,BPXDI2,float64,7313,0.23375943000838223
blood_pressure_exam,BPX_I.XPT,BPAEN2,float64,7313,0.23375943000838223
blood_pressure_exam,BPX_I.XPT,BPXSY3,float64,7276,0.23763621123218776
blood_pressure_exam,BPX_I.XPT,BPXDI3,float64,7276,0.23763621123218776
blood_pressure_exam,BPX_I.XPT,BPAEN3,float64,7276,0.23763621123218776
blood_pressure_exam,BPX_I.XPT,BPXSY4,float64,324,0.9660519698239731
blood_pressure_exam,BPX_I.XPT,BPXDI4,float64,324,0.9660519698239731
blood_pressure_exam,BPX_I.XPT,BPAEN4,float64,324,0.9660519698239731
blood_pressure_questionnaire,BPQ_I.XPT,SEQN,float64,6327,0.0
blood_pressure_questionnaire,BPQ_I.XPT,BPQ020,float64,6327,0.0
blood_pressure_questionnaire,BPQ_I.XPT,BPQ030,float64,2090,0.6696696696696697
blood_pressure_questionnaire,BPQ_I.XPT,BPD035,float64,2089,0.6698277224593014
blood_pressure_questionnaire,BPQ_I.XPT,BPQ040A,float64,2090,0.6696696696696697
blood_pressure_questionnaire,BPQ_I.XPT,BPQ050A,float64,1851,0.7074442863916548
blood_pressure_questionnaire,BPQ_I.XPT,BPQ080,float64,6327,0.0
blood_pressure_questionnaire,BPQ_I.XPT,BPQ060,float64,4367,0.3097834676782045
blood_pressure_questionnaire,BPQ_I.XPT,BPQ070,float64,4638,0.2669511616880038
blood_pressure_questionnaire,BPQ_I.XPT,BPQ090D,float64,4638,0.2669511616880038
blood_pressure_questionnaire,BPQ_I.XPT,BPQ100D,float64,1524,0.7591275486012328
medical_conditions,MCQ_I.XPT,SEQN,float64,9575,0.0
medical_conditions,MCQ_I.XPT,MCQ010,float64,9575,0.0
medical_conditions,MCQ_I.XPT,MCQ025,float64,1443,0.8492950391644909
medical_conditions,MCQ_I.XPT,MCQ035,float64,1443,0.8492950391644909
medical_conditions,MCQ_I.XPT,MCQ040,float64,877,0.9084073107049608
medical_conditions,MCQ_I.XPT,MCQ050,float64,877,0.9084073107049608
medical_conditions,MCQ_I.XPT,AGQ030,float64,877,0.9084073107049608
medical_conditions,MCQ_I.XPT,MCQ053,float64,9575,0.0
medical_conditions,MCQ_I.XPT,MCQ080,float64,6327,0.3392167101827676
medical_conditions,MCQ_I.XPT,MCQ092,float64,8366,0.126266318537859
medical_conditions,MCQ_I.XPT,MCD093,float64,660,0.931070496083551
medical_conditions,MCQ_I.XPT,MCQ149,float64,439,0.9541514360313316
medical_conditions,MCQ_I.XPT,MCQ151,float64,50,0.9947780678851175
medical_conditions,MCQ_I.XPT,MCQ160A,float64,5719,0.4027154046997389
medical_conditions,MCQ_I.XPT,MCQ180A,float64,1470,0.8464751958224543
medical_conditions,MCQ_I.XPT,MCQ195,float64,1470,0.8464751958224543
medical_conditions,MCQ_I.XPT,MCQ160N,float64,5719,0.4027154046997389
medical_conditions,MCQ_I.XPT,MCQ180N,float64,271,0.9716971279373369
medical_conditions,MCQ_I.XPT,MCQ160B,float64,5719,0.4027154046997389
medical_conditions,MCQ_I.XPT,MCQ180B,float64,214,0.9776501305483029
medical_conditions,MCQ_I.XPT,MCQ160C,float64,5719,0.4027154046997389
medical_conditions,MCQ_I.XPT,MCQ180C,float64,244,0.9745169712793734
medical_conditions,MCQ_I.XPT,MCQ160D,float64,5719,0.4027154046997389
medical_conditions,MCQ_I.XPT,MCQ180D,float64,133,0.9861096605744125
medical_conditions,MCQ_I.XPT,MCQ160E,float64,5719,0.4027154046997389
medical_conditions,MCQ_I.XPT,MCQ180E,float64,251,0.9737859007832899
medical_conditions,MCQ_I.XPT,MCQ160F,float64,5719,0.4027154046997389
medical_conditions,MCQ_I.XPT,MCQ180F,float64,209,0.9781723237597911
medical_conditions,MCQ_I.XPT,MCQ160G,float64,5719,0.4027154046997389
medical_conditions,MCQ_I.XPT,MCQ180G,float64,125,0.9869451697127938
medical_conditions,MCQ_I.XPT,MCQ160M,float64,5719,0.4027154046997389
medical_conditions,MCQ_I.XPT,MCQ170M,float64,622,0.9350391644908617
medical_conditions,MCQ_I.XPT,MCQ180M,float64,622,0.9350391644908617
medical_conditions,MCQ_I.XPT,MCQ160K,float64,5719,0.4027154046997389
medical_conditions,MCQ_I.XPT,MCQ170K,float64,304,0.9682506527415143
medical_conditions,MCQ_I.XPT,MCQ180K,float64,304,0.9682506527415143
medical_conditions,MCQ_I.XPT,MCQ160L,float64,5719,0.4027154046997389
medical_conditions,MCQ_I.XPT,MCQ170L,float64,259,0.9729503916449086
medical_conditions,MCQ_I.XPT,MCQ180L,float64,259,0.9729503916449086
medical_conditions,MCQ_I.XPT,MCQ160O,float64,5719,0.4027154046997389
medical_conditions,MCQ_I.XPT,MCQ203,float64,8366,0.126266318537859
medical_conditions,MCQ_I.XPT,MCQ206,float64,174,0.9818276762402088
medical_conditions,MCQ_I.XPT,MCQ220,float64,5719,0.4027154046997389
medical_conditions,MCQ_I.XPT,MCQ230A,float64,549,0.9426631853785901
medical_conditions,MCQ_I.XPT,MCQ230B,float64,63,0.993420365535248
medical_conditions,MCQ_I.XPT,MCQ230C,float64,8,0.9991644908616188
medical_conditions,MCQ_I.XPT,MCQ230D,float64,0,1.0
medical_conditions,MCQ_I.XPT,MCQ240A,float64,22,0.9977023498694517
medical_conditions,MCQ_I.XPT,MCQ240AA,float64,4,0.9995822454308094
medical_conditions,MCQ_I.XPT,MCQ240B,float64,2,0.9997911227154047
medical_conditions,MCQ_I.XPT,MCQ240BB,float64,13,0.9986422976501306
medical_conditions,MCQ_I.XPT,MCQ240C,float64,2,0.9997911227154047
medical_conditions,MCQ_I.XPT,MCQ240CC,float64,33,0.9965535248041776
medical_conditions,MCQ_I.XPT,MCQ240D,float64,0,1.0
medical_conditions,MCQ_I.XPT,MCQ240DD,float64,33,0.9965535248041776
medical_conditions,MCQ_I.XPT,MCQ240DK,float64,1,0.9998955613577023
medical_conditions,MCQ_I.XPT,MCQ240E,float64,86,0.9910182767624021
medical_conditions,MCQ_I.XPT,MCQ240F,float64,22,0.9977023498694517
medical_conditions,MCQ_I.XPT,MCQ240G,float64,36,0.9962402088772846
medical_conditions,MCQ_I.XPT,MCQ240H,float64,2,0.9997911227154047
medical_conditions,MCQ_I.XPT,MCQ240I,float64,0,1.0
medical_conditions,MCQ_I.XPT,MCQ240J,float64,8,0.9991644908616188
medical_conditions,MCQ_I.XPT,MCQ240K,float64,0,1.0
medical_conditions,MCQ_I.XPT,MCQ240L,float64,13,0.9986422976501306
medical_conditions,MCQ_I.XPT,MCQ240M,float64,6,0.9993733681462141
medical_conditions,MCQ_I.XPT,MCQ240N,float64,15,0.9984334203655353
medical_conditions,MCQ_I.XPT,MCQ240O,float64,11,0.9988511749347259
medical_conditions,MCQ_I.XPT,MCQ240P,float64,44,0.9954046997389034
medical_conditions,MCQ_I.XPT,MCQ240Q,float64,4,0.9995822454308094
medical_conditions,MCQ_I.XPT,MCQ240R,float64,0,1.0
medical_conditions,MCQ_I.XPT,MCQ240S,float64,21,0.9978067885117493
medical_conditions,MCQ_I.XPT,MCQ240T,float64,3,0.999686684073107
medical_conditions,MCQ_I.XPT,MCQ240U,float64,97,0.9898694516971279
medical_conditions,MCQ_I.XPT,MCQ240V,float64,2,0.9997911227154047
medical_conditions,MCQ_I.XPT,MCQ240W,float64,82,0.9914360313315926
medical_conditions,MCQ_I.XPT,MCQ240X,float64,54,0.9943603133159269
medical_conditions,MCQ_I.XPT,MCQ240Y,float64,0,1.0
medical_conditions,MCQ_I.XPT,MCQ240Z,float64,4,0.9995822454308094
medical_conditions,MCQ_I.XPT,MCQ300A,float64,5719,0.4027154046997389
medical_conditions,MCQ_I.XPT,MCQ300B,float64,8366,0.126266318537859
medical_conditions,MCQ_I.XPT,MCQ300C,float64,5719,0.4027154046997389
medical_conditions,MCQ_I.XPT,MCQ365A,float64,6327,0.3392167101827676
medical_conditions,MCQ_I.XPT,MCQ365B,float64,6327,0.3392167101827676
medical_conditions,MCQ_I.XPT,MCQ365C,float64,6327,0.3392167101827676
medical_conditions,MCQ_I.XPT,MCQ365D,float64,6327,0.3392167101827676
medical_conditions,MCQ_I.XPT,MCQ370A,float64,6327,0.3392167101827676
medical_conditions,MCQ_I.XPT,MCQ370B,float64,6327,0.3392167101827676
medical_conditions,MCQ_I.XPT,MCQ370C,float64,6327,0.3392167101827676
medical_conditions,MCQ_I.XPT,MCQ370D,float64,6327,0.3392167101827676
medical_conditions,MCQ_I.XPT,OSQ230,float64,3764,0.6068929503916449
physical_activity,PAQ_I.XPT,SEQN,float64,9255,0.0
physical_activity,PAQ_I.XPT,PAQ605,float64,6966,0.2473257698541329
physical_activity,PAQ_I.XPT,PAQ610,float64,1366,0.8524041058887089
physical_activity,PAQ_I.XPT,PAD615,float64,1350,0.8541329011345219
physical_activity,PAQ_I.XPT,PAQ620,float64,6965,0.24743381955699623
physical_activity,PAQ_I.XPT,PAQ625,float64,2598,0.7192868719611021
physical_activity,PAQ_I.XPT,PAD630,float64,2583,0.7209076175040519
physical_activity,PAQ_I.XPT,PAQ635,float64,6965,0.24743381955699623
physical_activity,PAQ_I.XPT,PAQ640,float64,1785,0.807131280388979
physical_activity,PAQ_I.XPT,PAD645,float64,1776,0.8081037277147488
physical_activity,PAQ_I.XPT,PAQ650,float64,6963,0.24764991896272284
physical_activity,PAQ_I.XPT,PAQ655,float64,2193,0.7630470016207456
physical_activity,PAQ_I.XPT,PAD660,float64,2189,0.7634792004321989
physical_activity,PAQ_I.XPT,PAQ665,float64,6963,0.24764991896272284
physical_activity,PAQ_I.XPT,PAQ670,float64,2956,0.6806050783360346
physical_activity,PAQ_I.XPT,PAD675,float64,2946,0.6816855753646678
physical_activity,PAQ_I.XPT,PAD680,float64,6951,0.24894651539708265
physical_activity,PAQ_I.XPT,PAQ706,float64,2885,0.68827660723933
physical_activity,PAQ_I.XPT,PAQ710,float64,9209,0.004970286331712588
physical_activity,PAQ_I.XPT,PAQ715,float64,9209,0.004970286331712588
physical_activity,PAQ_I.XPT,PAQ722,float64,2591,0.7200432198811453
physical_activity,PAQ_I.XPT,PAQ724A,float64,114,0.9876823338735818
physical_activity,PAQ_I.XPT,PAQ724B,float64,233,0.9748244192328471
physical_activity,PAQ_I.XPT,PAQ724C,float64,437,0.9527822798487304
physical_activity,PAQ_I.XPT,PAQ724D,float64,590,0.9362506753106429
physical_activity,PAQ_I.XPT,PAQ724E,float64,35,0.9962182603997839
physical_activity,PAQ_I.XPT,PAQ724F,float64,257,0.9722312263641275
physical_activity,PAQ_I.XPT,PAQ724G,float64,5,0.9994597514856834
physical_activity,PAQ_I.XPT,PAQ724H,float64,282,0.9695299837925446
physical_activity,PAQ_I.XPT,PAQ724I,float64,16,0.998271204754187
physical_activity,PAQ_I.XPT,PAQ724J,float64,138,0.9850891410048622
physical_activity,PAQ_I.XPT,PAQ724K,float64,66,0.9928687196110211
physical_activity,PAQ_I.XPT,PAQ724L,float64,4,0.9995678011885467
physical_activity,PAQ_I.XPT,PAQ724M,float64,3,0.9996758508914101
physical_activity,PAQ_I.XPT,PAQ724N,float64,100,0.9891950297136682
physical_activity,PAQ_I.XPT,PAQ724O,float64,8,0.9991356023770934
physical_activity,PAQ_I.XPT,PAQ724P,float64,51,0.9944894651539709
physical_activity,PAQ_I.XPT,PAQ724Q,float64,315,0.965964343598055
physical_activity,PAQ_I.XPT,PAQ724R,float64,57,0.9938411669367909
physical_activity,PAQ_I.XPT,PAQ724S,float64,1015,0.8903295515937332
physical_activity,PAQ_I.XPT,PAQ724T,float64,166,0.9820637493246893
physical_activity,PAQ_I.XPT,PAQ724U,float64,62,0.9933009184224744
physical_activity,PAQ_I.XPT,PAQ724V,float64,368,0.9602377093462993
physical_activity,PAQ_I.XPT,PAQ724W,float64,265,0.9713668287412209
physical_activity,PAQ_I.XPT,PAQ724X,float64,33,0.9964343598055105
physical_activity,PAQ_I.XPT,PAQ724Y,float64,22,0.997622906537007
physical_activity,PAQ_I.XPT,PAQ724Z,float64,55,0.9940572663425176
physical_activity,PAQ_I.XPT,PAQ724AA,float64,468,0.9494327390599676
physical_activity,PAQ_I.XPT,PAQ724AB,float64,83,0.9910318746623447
physical_activity,PAQ_I.XPT,PAQ724AC,float64,17,0.9981631550513236
physical_activity,PAQ_I.XPT,PAQ724AD,float64,731,0.9210156672069152
physical_activity,PAQ_I.XPT,PAQ724AE,float64,207,0.9776337115072934
physical_activity,PAQ_I.XPT,PAQ724AF,float64,13,0.9985953538627769
physical_activity,PAQ_I.XPT,PAQ724CM,float64,49,0.9947055645596975
physical_activity,PAQ_I.XPT,PAQ731,float64,2172,0.7653160453808752
physical_activity,PAQ_I.XPT,PAD733,float64,633,0.9316045380875203
physical_activity,PAQ_I.XPT,PAQ677,float64,635,0.9313884386817937
physical_activity,PAQ_I.XPT,PAQ678,float64,635,0.9313884386817937
physical_activity,PAQ_I.XPT,PAQ740,float64,635,0.9313884386817937
physical_activity,PAQ_I.XPT,PAQ742,float64,310,0.9665045921123717
physical_activity,PAQ_I.XPT,PAQ744,float64,635,0.9313884386817937
physical_activity,PAQ_I.XPT,PAQ746,float64,487,0.9473797947055645
physical_activity,PAQ_I.XPT,PAQ748,float64,485,0.9475958941112912
physical_activity,PAQ_I.XPT,PAQ755,float64,2170,0.7655321447866018
physical_activity,PAQ_I.XPT,PAQ759A,float64,135,0.9854132901134521
physical_activity,PAQ_I.XPT,PAQ759B,float64,267,0.9711507293354943
physical_activity,PAQ_I.XPT,PAQ759C,float64,5,0.9994597514856834
physical_activity,PAQ_I.XPT,PAQ759D,float64,57,0.9938411669367909
physical_activity,PAQ_I.XPT,PAQ759E,float64,160,0.9827120475418692
physical_activity,PAQ_I.XPT,PAQ759F,float64,11,0.9988114532685035
physical_activity,PAQ_I.XPT,PAQ759G,float64,47,0.9949216639654241
physical_activity,PAQ_I.XPT,PAQ759H,float64,14,0.9984873041599136
physical_activity,PAQ_I.XPT,PAQ759I,float64,13,0.9985953538627769
physical_activity,PAQ_I.XPT,PAQ759J,float64,213,0.9769854132901135
physical_activity,PAQ_I.XPT,PAQ759K,float64,55,0.9940572663425176
physical_activity,PAQ_I.XPT,PAQ759L,float64,27,0.9970826580226905
physical_activity,PAQ_I.XPT,PAQ759M,float64,88,0.9904916261480281
physical_activity,PAQ_I.XPT,PAQ759N,float64,78,0.9915721231766612
physical_activity,PAQ_I.XPT,PAQ759O,float64,12,0.9987034035656402
physical_activity,PAQ_I.XPT,PAQ759P,float64,76,0.9917882225823879
physical_activity,PAQ_I.XPT,PAQ759Q,float64,89,0.9903835764451647
physical_activity,PAQ_I.XPT,PAQ759R,float64,8,0.9991356023770934
physical_activity,PAQ_I.XPT,PAQ759S,float64,163,0.9823878984332793
physical_activity,PAQ_I.XPT,PAQ759T,float64,11,0.9988114532685035
physical_activity,PAQ_I.XPT,PAQ759U,float64,12,0.9987034035656402
physical_activity,PAQ_I.XPT,PAQ762,float64,1536,0.8340356564019449
physical_activity,PAQ_I.XPT,PAQ764,float64,1438,0.84462452728255
physical_activity,PAQ_I.XPT,PAQ766,float64,1421,0.8464613722312264
physical_activity,PAQ_I.XPT,PAQ679,float64,629,0.9320367368989735
physical_activity,PAQ_I.XPT,PAQ750,float64,2165,0.7660723933009185
physical_activity,PAQ_I.XPT,PAQ770,float64,2169,0.7656401944894652
physical_activity,PAQ_I.XPT,PAQ772A,float64,71,0.9923284710967045
physical_activity,PAQ_I.XPT,PAQ772B,float64,39,0.9957860615883306
physical_activity,PAQ_I.XPT,PAQ772C,float64,82,0.991139924365208
smoking,SMQ_I.XPT,SEQN,float64,7001,0.0
smoking,SMQ_I.XPT,SMQ020,float64,5992,0.14412226824739324
smoking,SMQ_I.XPT,SMD030,float64,2422,0.6540494215112127
smoking,SMQ_I.XPT,SMQ040,float64,2422,0.6540494215112127
smoking,SMQ_I.XPT,SMQ050Q,float64,1322,0.811169832881017
smoking,SMQ_I.XPT,SMQ050U,float64,1262,0.8197400371375517
smoking,SMQ_I.XPT,SMD055,float64,1201,0.8284530781316954
smoking,SMQ_I.XPT,SMD057,float64,1322,0.811169832881017
smoking,SMQ_I.XPT,SMQ078,float64,828,0.88173118125982
smoking,SMQ_I.XPT,SMD641,float64,1162,0.8340237108984431
smoking,SMQ_I.XPT,SMD650,float64,1109,0.8415940579917155
smoking,SMQ_I.XPT,SMD093,float64,1100,0.8428795886301956
smoking,SMQ_I.XPT,SMDUPCA,object,7001,0.0
smoking,SMQ_I.XPT,SMD100BR,object,7001,0.0
smoking,SMQ_I.XPT,SMD100FL,float64,1004,0.8565919154406514
smoking,SMQ_I.XPT,SMD100MN,float64,1004,0.8565919154406514
smoking,SMQ_I.XPT,SMD100LN,float64,1004,0.8565919154406514
smoking,SMQ_I.XPT,SMD100TR,float64,752,0.8925867733180974
smoking,SMQ_I.XPT,SMD100NI,float64,752,0.8925867733180974
smoking,SMQ_I.XPT,SMD100CO,float64,752,0.8925867733180974
smoking,SMQ_I.XPT,SMQ621,float64,950,0.8643050992715327
smoking,SMQ_I.XPT,SMD630,float64,62,0.9911441222682474
smoking,SMQ_I.XPT,SMQ661,float64,24,0.9965719182973861
smoking,SMQ_I.XPT,SMQ665A,float64,8,0.9988573060991287
smoking,SMQ_I.XPT,SMQ665B,float64,3,0.9995714897871733
smoking,SMQ_I.XPT,SMQ665C,float64,4,0.9994286530495643
smoking,SMQ_I.XPT,SMQ665D,float64,3,0.9995714897871733
smoking,SMQ_I.XPT,SMQ670,float64,1124,0.8394515069275817
smoking,SMQ_I.XPT,SMQ848,float64,600,0.9142979574346521
smoking,SMQ_I.XPT,SMQ852Q,float64,596,0.9148693043850878
smoking,SMQ_I.XPT,SMQ852U,float64,594,0.9151549778603056
smoking,SMQ_I.XPT,SMQ925,float64,3570,0.49007284673618057
smoking,SMQ_I.XPT,SMQ930,float64,1543,0.7796029138694472
smoking,SMQ_I.XPT,SMQ935,float64,1543,0.7796029138694472
smoking,SMQ_I.XPT,SMQ080,float64,62,0.9911441222682474
smoking,SMQ_I.XPT,SMQ890,float64,5992,0.14412226824739324
smoking,SMQ_I.XPT,SMQ895,float64,2066,0.7048993000999857
smoking,SMQ_I.XPT,SMQ900,float64,5992,0.14412226824739324
smoking,SMQ_I.XPT,SMQ905,float64,1064,0.8480217111841165
smoking,SMQ_I.XPT,SMQ910,float64,5992,0.14412226824739324
smoking,SMQ_I.XPT,SMQ915,float64,827,0.8818740179974289
smoking,SMQ_I.XPT,SMAQUEX2,float64,7001,0.0
alcohol,ALQ_I.XPT,SEQN,float64,5735,0.0
alcohol,ALQ_I.XPT,ALQ101,float64,5208,0.0918918918918919
alcohol,ALQ_I.XPT,ALQ110,float64,1731,0.6981691368788143
alcohol,ALQ_I.XPT,ALQ120Q,float64,4224,0.26346992153443766
alcohol,ALQ_I.XPT,ALQ120U,float64,3376,0.411333914559721
alcohol,ALQ_I.XPT,ALQ130,float64,3379,0.41081081081081083
alcohol,ALQ_I.XPT,ALQ141Q,float64,3377,0.4111595466434176
alcohol,ALQ_I.XPT,ALQ141U,float64,1340,0.7663469921534438
alcohol,ALQ_I.XPT,ALQ151,float64,4222,0.26381865736704446
alcohol,ALQ_I.XPT,ALQ160,float64,1352,0.764254577157803
diet,DBQ_I.XPT,SEQN,float64,9971,0.0
diet,DBQ_I.XPT,DBQ010,float64,1817,0.8177715374586301
diet,DBQ_I.XPT,DBD030,float64,1376,0.8619997994183131
diet,DBQ_I.XPT,DBD041,float64,1817,0.8177715374586301
diet,DBQ_I.XPT,DBD050,float64,1546,0.8449503560324942
diet,DBQ_I.XPT,DBD055,float64,1817,0.8177715374586301
diet,DBQ_I.XPT,DBD061,float64,1690,0.8305084745762712
diet,DBQ_I.XPT,DBQ073A,float64,1041,0.8955972319727209
diet,DBQ_I.XPT,DBQ073B,float64,253,0.9746264166081636
diet,DBQ_I.XPT,DBQ073C,float64,63,0.9936816768629024
diet,DBQ_I.XPT,DBQ073D,float64,6,0.999398254939324
diet,DBQ_I.XPT,DBQ073E,float64,39,0.9960886571056062
diet,DBQ_I.XPT,DBQ073U,float64,59,0.9940828402366864
diet,DBQ_I.XPT,DBQ700,float64,6327,0.3654598335171999
diet,DBQ_I.XPT,DBQ197,float64,9575,0.03971517400461338
diet,DBQ_I.XPT,DBQ223A,float64,2954,0.7037408484605355
diet,DBQ_I.XPT,DBQ223B,float64,3500,0.6489820479390231
diet,DBQ_I.XPT,DBQ223C,float64,1106,0.8890783271487314
diet,DBQ_I.XPT,DBQ223D,float64,504,0.9494534149032193
diet,DBQ_I.XPT,DBQ223E,float64,210,0.9789389228763414
diet,DBQ_I.XPT,DBQ223U,float64,678,0.9320028081436165
diet,DBQ_I.XPT,DBQ229,float64,5719,0.4264366663323639
diet,DBQ_I.XPT,DBQ235A,float64,4290,0.5697522816166884
diet,DBQ_I.XPT,DBQ235B,float64,4290,0.5697522816166884
diet,DBQ_I.XPT,DBQ235C,float64,4290,0.5697522816166884
diet,DBQ_I.XPT,DBQ301,float64,1901,0.8093471066091665
diet,DBQ_I.XPT,DBQ330,float64,1901,0.8093471066091665
diet,DBQ_I.XPT,DBQ360,float64,3074,0.6917059472470164
diet,DBQ_I.XPT,DBQ370,float64,2611,0.7381406077625113
diet,DBQ_I.XPT,DBD381,float64,2507,0.7485708554808946
diet,DBQ_I.XPT,DBQ390,float64,2130,0.7863805034600341
diet,DBQ_I.XPT,DBQ400,float64,2611,0.7381406077625113
diet,DBQ_I.XPT,DBD411,float64,2301,0.7692307692307693
diet,DBQ_I.XPT,DBQ421,float64,1429,0.8566843847156754
diet,DBQ_I.XPT,DBQ424,float64,1686,0.8309096379500551
diet,DBQ_I.XPT,DBD895,float64,9494,0.04783873232373884
diet,DBQ_I.XPT,DBD900,float64,7217,0.2762009828502658
diet,DBQ_I.XPT,DBD905,float64,9478,0.04944338581887474
diet,DBQ_I.XPT,DBD910,float64,9482,0.049042222445090766
diet,DBQ_I.XPT,CBQ596,float64,6327,0.3654598335171999
diet,DBQ_I.XPT,CBQ606,float64,1245,0.8751378999097382
diet,DBQ_I.XPT,CBQ611,float64,1245,0.8751378999097382
diet,DBQ_I.XPT,CBQ505,float64,6327,0.3654598335171999
diet,DBQ_I.XPT,CBQ535,float64,5283,0.47016347407481696
diet,DBQ_I.XPT,CBQ540,float64,1872,0.8122555410691004
diet,DBQ_I.XPT,CBQ545,float64,5283,0.47016347407481696
diet,DBQ_I.XPT,CBQ550,float64,6327,0.3654598335171999
diet,DBQ_I.XPT,CBQ552,float64,5254,0.4730719085347508
diet,DBQ_I.XPT,CBQ580,float64,5254,0.4730719085347508
diet,DBQ_I.XPT,CBQ585,float64,1366,0.863002707852773
diet,DBQ_I.XPT,CBQ590,float64,5254,0.4730719085347508
health_insurance,HIQ_I.XPT,SEQN,float64,9971,0.0
health_insurance,HIQ_I.XPT,HIQ011,float64,9971,0.0
health_insurance,HIQ_I.XPT,HIQ031A,float64,4509,0.5477885869020158
health_insurance,HIQ_I.XPT,HIQ031B,float64,1371,0.8625012536355431
health_insurance,HIQ_I.XPT,HIQ031C,float64,48,0.9951860395145923
health_insurance,HIQ_I.XPT,HIQ031D,float64,2384,0.7609066292247518
health_insurance,HIQ_I.XPT,HIQ031E,float64,97,0.9902717881857387
health_insurance,HIQ_I.XPT,HIQ031F,float64,331,0.9668037308193762
health_insurance,HIQ_I.XPT,HIQ031G,float64,6,0.999398254939324
health_insurance,HIQ_I.XPT,HIQ031H,float64,715,0.9282920469361148
health_insurance,HIQ_I.XPT,HIQ031I,float64,366,0.9632935512987664
health_insurance,HIQ_I.XPT,HIQ031J,float64,773,0.9224751780162471
health_insurance,HIQ_I.XPT,HIQ031AA,float64,4,0.9995988366262161
health_insurance,HIQ_I.XPT,HIQ260,float64,212,0.9787383411894494
health_insurance,HIQ_I.XPT,HIQ105,float64,1004,0.8993079931802227
health_insurance,HIQ_I.XPT,HIQ270,float64,8650,0.13248420419215726
health_insurance,HIQ_I.XPT,HIQ210,float64,8650,0.13248420419215726
income,INQ_I.XPT,SEQN,float64,9971,0.0
income,INQ_I.XPT,INQ020,float64,9642,0.03299568749373182
income,INQ_I.XPT,INQ012,float64,9642,0.03299568749373182
income,INQ_I.XPT,INQ030,float64,9642,0.03299568749373182
income,INQ_I.XPT,INQ060,float64,9642,0.03299568749373182
income,INQ_I.XPT,INQ080,float64,9642,0.03299568749373182
income,INQ_I.XPT,INQ090,float64,9642,0.03299568749373182
income,INQ_I.XPT,INQ132,float64,9642,0.03299568749373182
income,INQ_I.XPT,INQ140,float64,9642,0.03299568749373182
income,INQ_I.XPT,INQ150,float64,9642,0.03299568749373182
income,INQ_I.XPT,IND235,float64,9420,0.055260254738742354
income,INQ_I.XPT,INDFMMPI,float64,8448,0.1527429545682479
income,INQ_I.XPT,INDFMMPC,float64,9419,0.05536054558218834
income,INQ_I.XPT,INQ300,float64,9420,0.055260254738742354
income,INQ_I.XPT,IND310,float64,6939,0.30408183732825195
income,INQ_I.XPT,INQ320,float64,9642,0.03299568749373182
glycohemoglobin,GHB_I.XPT,SEQN,float64,6744,0.0
glycohemoglobin,GHB_I.XPT,LBXGH,float64,6326,0.06198102016607355
fasting_glucose,GLU_I.XPT,SEQN,float64,3191,0.0
fasting_glucose,GLU_I.XPT,WTSAF2YR,float64,3191,0.0
fasting_glucose,GLU_I.XPT,LBXGLU,float64,2972,0.06863052334691319
fasting_glucose,GLU_I.XPT,LBDGLUSI,float64,2972,0.06863052334691319
ogtt,OGTT_I.XPT,SEQN,float64,2713,0.0
ogtt,OGTT_I.XPT,WTSOG2YR,float64,2713,0.0
ogtt,OGTT_I.XPT,LBXGLT,float64,2084,0.23184666420936234
ogtt,OGTT_I.XPT,LBDGLTSI,float64,2084,0.23184666420936234
ogtt,OGTT_I.XPT,GTDSCMMN,float64,2107,0.2233689642462219
ogtt,OGTT_I.XPT,GTDDR1MN,float64,2107,0.2233689642462219
ogtt,OGTT_I.XPT,GTDBL2MN,float64,2086,0.23110947290821968
ogtt,OGTT_I.XPT,GTDDR2MN,float64,2086,0.23110947290821968
ogtt,OGTT_I.XPT,GTXDRANK,float64,2183,0.19535569480280132
ogtt,OGTT_I.XPT,GTDCODE,float64,2713,0.0
