variable,dtype,non_missing,missing,missing_pct,unique_non_missing
BMIHEAD,float64,0,9971,1.0,0
MCQ230D,float64,0,9971,1.0,0
MCQ240D,float64,0,9971,1.0,0
MCQ240I,float64,0,9971,1.0,0
MCQ240K,float64,0,9971,1.0,0
MCQ240R,float64,0,9971,1.0,0
MCQ240Y,float64,0,9971,1.0,0
DIQ175X,float64,1,9970,0.999899709156554,1
MCQ240DK,float64,1,9970,0.999899709156554,1
MCQ240B,float64,2,9969,0.999799418313108,2
MCQ240C,float64,2,9969,0.999799418313108,2
MCQ240H,float64,2,9969,0.999799418313108,2
MCQ240V,float64,2,9969,0.999799418313108,2
MCQ240T,float64,3,9968,0.999699127469662,3
PAQ724M,float64,3,9968,0.999699127469662,1
SMQ665B,float64,3,9968,0.999699127469662,3
SMQ665D,float64,3,9968,0.999699127469662,1
DIQ175W,float64,4,9967,0.9995988366262161,1
HIQ031AA,float64,4,9967,0.9995988366262161,1
MCQ240AA,float64,4,9967,0.9995988366262161,4
MCQ240Q,float64,4,9967,0.9995988366262161,4
MCQ240Z,float64,4,9967,0.9995988366262161,4
PAQ724L,float64,4,9967,0.9995988366262161,1
SMQ665C,float64,4,9967,0.9995988366262161,1
PAQ724G,float64,5,9966,0.9994985457827701,1
PAQ759C,float64,5,9966,0.9994985457827701,1
DBQ073D,float64,6,9965,0.999398254939324,1
HIQ031G,float64,6,9965,0.999398254939324,1
MCQ240M,float64,6,9965,0.999398254939324,6
MCQ230C,float64,8,9963,0.999197673252432,7
MCQ240J,float64,8,9963,0.999197673252432,8
PAQ724O,float64,8,9963,0.999197673252432,1
PAQ759R,float64,8,9963,0.999197673252432,1
SMQ665A,float64,8,9963,0.999197673252432,4
DIQ175V,float64,11,9960,0.9988968007220941,1
MCQ240O,float64,11,9960,0.9988968007220941,10
PAQ759F,float64,11,9960,0.9988968007220941,1
PAQ759T,float64,11,9960,0.9988968007220941,1
PAQ759O,float64,12,9959,0.9987965098786481,1
PAQ759U,float64,12,9959,0.9987965098786481,1
MCQ240BB,float64,13,9958,0.9986962190352021,12
MCQ240L,float64,13,9958,0.9986962190352021,12
PAQ724AF,float64,13,9958,0.9986962190352021,1
PAQ759I,float64,13,9958,0.9986962190352021,1
PAQ759H,float64,14,9957,0.9985959281917561,1
MCQ240N,float64,15,9956,0.9984956373483101,12
PAQ724I,float64,16,9955,0.9983953465048641,1
PAQ724AC,float64,17,9954,0.9982950556614181,1
MCQ240S,float64,21,9950,0.9978938922876341,16
MCQ240A,float64,22,9949,0.9977936014441882,14
MCQ240F,float64,22,9949,0.9977936014441882,17
PAQ724Y,float64,22,9949,0.9977936014441882,1
DIQ175R,float64,23,9948,0.9976933106007422,1
SMQ661,float64,24,9947,0.9975930197572962,7
PAQ759L,float64,27,9944,0.9972921472269581,1
DIQ175K,float64,31,9940,0.9968909838531742,1
DIQ175S,float64,31,9940,0.9968909838531742,1
BMIRECUM,float64,33,9938,0.9966904021662822,1
MCQ240CC,float64,33,9938,0.9966904021662822,29
MCQ240DD,float64,33,9938,0.9966904021662822,24
PAQ724X,float64,33,9938,0.9966904021662822,1
PAQ724E,float64,35,9936,0.9964898204793903,1
MCQ240G,float64,36,9935,0.9963895296359443,20
DBQ073E,float64,39,9932,0.9960886571056062,1
PAQ772B,float64,39,9932,0.9960886571056062,1
MCQ240P,float64,44,9927,0.9955872028883763,28
PAQ759G,float64,47,9924,0.9952863303580383,1
HIQ031C,float64,48,9923,0.9951860395145923,1
PAQ724CM,float64,49,9922,0.9950857486711463,1
MCQ151,float64,50,9921,0.9949854578277003,3
PAQ724P,float64,51,9920,0.9948851669842543,1
DIQ175F,float64,53,9918,0.9946845852973624,1
MCQ240X,float64,54,9917,0.9945842944539164,27
PAQ724Z,float64,55,9916,0.9944840036104704,1
PAQ759K,float64,55,9916,0.9944840036104704,1
PAQ724R,float64,57,9914,0.9942834219235783,1
PAQ759D,float64,57,9914,0.9942834219235783,1
DBQ073U,float64,59,9912,0.9940828402366864,1
DIQ175L,float64,59,9912,0.9940828402366864,1
PAQ724U,float64,62,9909,0.9937819677063484,1
SMD630,float64,62,9909,0.9937819677063484,9
SMQ080,float64,62,9909,0.9937819677063484,11
DBQ073C,float64,63,9908,0.9936816768629024,1
MCQ230B,float64,63,9908,0.9936816768629024,20
PAQ724K,float64,66,9905,0.9933808043325645,1
PAQ772A,float64,71,9900,0.9928793501153345,2
PAQ759P,float64,76,9895,0.9923778958981045,1
DIQ175I,float64,77,9894,0.9922776050546586,1
PAQ759N,float64,78,9893,0.9921773142112125,1
DIQ175U,float64,79,9892,0.9920770233677665,1
MCQ240W,float64,82,9889,0.9917761508374285,38
PAQ772C,float64,82,9889,0.9917761508374285,1
PAQ724AB,float64,83,9888,0.9916758599939826,1
MCQ240E,float64,86,9885,0.9913749874636446,42
PAQ759M,float64,88,9883,0.9911744057767525,1
PAQ759Q,float64,89,9882,0.9910741149333065,1
HIQ031E,float64,97,9874,0.9902717881857387,1
MCQ240U,float64,97,9874,0.9902717881857387,31
PAQ724N,float64,100,9871,0.9899709156554006,1
BMIHT,float64,105,9866,0.9894694614381707,2
DIQ175T,float64,105,9866,0.9894694614381707,1
DIQ175N,float64,109,9862,0.9890682980643867,1
PAQ724A,float64,114,9857,0.9885668438471568,2
DIQ175P,float64,117,9854,0.9882659713168188,1
MCQ180G,float64,125,9846,0.9874636445692508,49
MCQ180D,float64,133,9838,0.9866613178216829,51
DIQ175O,float64,134,9837,0.9865610269782369,1
PAQ759A,float64,135,9836,0.9864607361347909,2
DIQ175Q,float64,136,9835,0.9863604452913449,1
DIQ175M,float64,138,9833,0.986159863604453,1
PAQ724J,float64,138,9833,0.986159863604453,1
DIQ175J,float64,150,9821,0.9849563734831009,1
DIQ175E,float64,155,9816,0.984454919265871,1
DIQ175C,float64,160,9811,0.983953465048641,1
PAQ759E,float64,160,9811,0.983953465048641,1
PAQ759S,float64,163,9808,0.9836525925183031,1
PAQ724T,float64,166,9805,0.9833517199879651,1
MCQ206,float64,174,9797,0.9825493932403971,57
PAQ724AE,float64,207,9764,0.9792397954066794,1
MCQ180F,float64,209,9762,0.9790392137197874,57
DBQ223E,float64,210,9761,0.9789389228763414,1
HIQ260,float64,212,9759,0.9787383411894494,3
PAQ759J,float64,213,9758,0.9786380503460034,1
MCQ180B,float64,214,9757,0.9785377595025574,53
BMXHEAD,float64,215,9756,0.9784374686591114,86
PAQ724B,float64,233,9738,0.9766322334770835,1
PEASCCT1,float64,236,9735,0.9763313609467456,3
MCQ180C,float64,244,9727,0.9755290341991776,51
DIQ060U,float64,249,9722,0.9750275799819477,2
MCQ180E,float64,251,9720,0.9748269982950557,54
DBQ073B,float64,253,9718,0.9746264166081636,1
DID060,float64,256,9715,0.9743255440778257,36
PAQ724F,float64,257,9714,0.9742252532343797,1
DIQ175H,float64,258,9713,0.9741249623909337,1
MCQ170L,float64,259,9712,0.9740246715474877,3
MCQ180L,float64,259,9712,0.9740246715474877,68
PAQ724W,float64,265,9706,0.9734229264868117,1
PAQ759B,float64,267,9704,0.9732223447999198,1
MCQ180N,float64,271,9700,0.9728211814261358,63
DIQ175G,float64,280,9691,0.9719185638351219,1
PAQ724H,float64,282,9689,0.9717179821482299,1
MCQ170K,float64,304,9667,0.969511583592418,3
MCQ180K,float64,304,9667,0.969511583592418,72
PAQ742,float64,310,9661,0.9689098385317421,2
PAQ724Q,float64,315,9656,0.968408384314512,1
BPAEN4,float64,324,9647,0.9675057667234982,2
BPXDI4,float64,324,9647,0.9675057667234982,42
BPXSY4,float64,324,9647,0.9675057667234982,54
HIQ031F,float64,331,9640,0.9668037308193762,1
BMXSAD3,float64,353,9618,0.9645973322635644,163
BMXSAD4,float64,353,9618,0.9645973322635644,159
HIQ031I,float64,366,9605,0.9632935512987664,1
PAQ724V,float64,368,9603,0.9630929696118744,1
BMILEG,float64,402,9569,0.9596830809347107,1
BMIARML,float64,420,9551,0.9578778457526828,1
BMIARMC,float64,421,9550,0.9577775549092368,1
PAQ724C,float64,437,9534,0.9561729014141009,1
MCQ149,float64,439,9532,0.9559723197272089,3
BMIWT,float64,443,9528,0.9555711563534249,3
BMDSADCM,float64,446,9525,0.955270283823087,5
DIQ175D,float64,459,9512,0.953966502858289,1
PAQ724AA,float64,468,9503,0.9530638852672751,1
PAQ748,float64,485,9486,0.9513589409286932,4
PAQ746,float64,487,9484,0.9511583592418013,6
BMIWAIST,float64,489,9482,0.9509577775549093,1
DBQ223D,float64,504,9467,0.9494534149032193,1
DMQADFC,float64,527,9444,0.9471467255039615,3
MCQ230A,float64,549,9422,0.9449403269481497,26
PAQ724D,float64,590,9381,0.9408284023668639,1
SMQ852U,float64,594,9377,0.9404272389930799,3
SMQ852Q,float64,596,9375,0.9402266573061879,26
SMQ848,float64,600,9371,0.939825493932404,15
DIQ175B,float64,601,9370,0.939725203088958,1
MCQ170M,float64,622,9349,0.9376190953765922,3
MCQ180M,float64,622,9349,0.9376190953765922,75
PAQ679,float64,629,9342,0.9369170594724702,7
PAD733,float64,633,9338,0.9365158960986862,22
PAQ677,float64,635,9336,0.9363153144117942,9
PAQ678,float64,635,9336,0.9363153144117942,8
PAQ740,float64,635,9336,0.9363153144117942,3
PAQ744,float64,635,9336,0.9363153144117942,3
DIQ280,float64,641,9330,0.9357135693511183,71
DIQ291,float64,641,9330,0.9357135693511183,8
DID250,float64,643,9328,0.9355129876642263,23
MCD093,float64,660,9311,0.9338080433256444,5
DIQ260U,float64,661,9310,0.9337077524821984,4
DBQ223U,float64,678,9293,0.9320028081436165,1
RIDAGEMN,float64,695,9276,0.9302978638050347,25
DIQ350U,float64,699,9272,0.9298967004312506,4
HIQ031H,float64,715,9256,0.9282920469361148,1
PAQ724AD,float64,731,9240,0.9266873934409788,1
SMD100CO,float64,752,9219,0.924581285728613,13
SMD100NI,float64,752,9219,0.924581285728613,13
SMD100TR,float64,752,9219,0.924581285728613,13
DID330,float64,753,9218,0.924480994885167,31
HIQ031J,float64,773,9198,0.9224751780162471,1
SMQ915,float64,827,9144,0.9170594724701635,18
SMQ078,float64,828,9143,0.9169591816267175,8
DID341,float64,843,9128,0.9154548189750276,22
DID350,float64,843,9128,0.9154548189750276,12
DIQ300D,float64,845,9126,0.9152542372881356,68
DIQ300S,float64,845,9126,0.9152542372881356,85
DID310D,float64,846,9125,0.9151539464446896,36
DID310S,float64,846,9125,0.9151539464446896,41
DID320,float64,846,9125,0.9151539464446896,87
DIQ080,float64,846,9125,0.9151539464446896,3
DIQ360,float64,846,9125,0.9151539464446896,6
DID260,float64,849,9122,0.9148530739143517,11
DID040,float64,853,9118,0.9144519105405676,77
DIQ230,float64,853,9118,0.9144519105405676,6
DIQ240,float64,853,9118,0.9144519105405676,2
DIQ275,float64,853,9118,0.9144519105405676,3
AGQ030,float64,877,9094,0.9120449302978638,3
MCQ040,float64,877,9094,0.9120449302978638,3
MCQ050,float64,877,9094,0.9120449302978638,2
SMQ621,float64,950,9021,0.9047236987263063,9
HIQ105,float64,1004,8967,0.8993079931802227,2
SMD100FL,float64,1004,8967,0.8993079931802227,2
SMD100LN,float64,1004,8967,0.8993079931802227,4
SMD100MN,float64,1004,8967,0.8993079931802227,2
PAQ724S,float64,1015,8956,0.8982047939023167,1
DBQ073A,float64,1041,8930,0.8955972319727209,2
SMQ905,float64,1064,8907,0.8932905425734631,20
BMXRECUM,float64,1073,8898,0.8923879249824491,467
SMD093,float64,1100,8871,0.8896800722094073,5
DBQ223C,float64,1106,8865,0.8890783271487314,1
SMD650,float64,1109,8862,0.8887774546183933,29
SMQ670,float64,1124,8847,0.8872730919667035,3
SMD641,float64,1162,8809,0.8834620399157557,29
DIQ175A,float64,1186,8785,0.8810550596730519,1
SMD055,float64,1201,8770,0.8795506970213619,67
CBQ606,float64,1245,8726,0.8751378999097382,3
CBQ611,float64,1245,8726,0.8751378999097382,3
SMQ050U,float64,1262,8709,0.8734329555711563,4
RIDEXPRG,float64,1288,8683,0.8708253936415605,3
SMD057,float64,1322,8649,0.8674155049643968,36
SMQ050Q,float64,1322,8649,0.8674155049643968,51
ALQ141U,float64,1340,8631,0.8656102697823689,3
PAD615,float64,1350,8621,0.8646073613479089,30
ALQ160,float64,1352,8619,0.864406779661017,16
CBQ585,float64,1366,8605,0.863002707852773,2
PAQ610,float64,1366,8605,0.863002707852773,8
HIQ031B,float64,1371,8600,0.8625012536355431,1
DBD030,float64,1376,8595,0.8619997994183131,61
PAQ766,float64,1421,8550,0.8574867114632434,5
DBQ421,float64,1429,8542,0.8566843847156754,4
PAQ764,float64,1438,8533,0.8557817671246615,6
MCQ025,float64,1443,8528,0.8552803129074316,76
MCQ035,float64,1443,8528,0.8552803129074316,3
MCQ180A,float64,1470,8501,0.8525724601343897,77
MCQ195,float64,1470,8501,0.8525724601343897,5
DIQ070,float64,1515,8456,0.84805937217932,4
BPQ100D,float64,1524,8447,0.8471567545883061,3
PAQ762,float64,1536,8435,0.8459532644669542,3
SMQ930,float64,1543,8428,0.8452512285628322,47
SMQ935,float64,1543,8428,0.8452512285628322,3
DBD050,float64,1546,8425,0.8449503560324942,42
DBQ424,float64,1686,8285,0.8309096379500551,4
DBD061,float64,1690,8281,0.8305084745762712,35
ALQ110,float64,1731,8240,0.8263965499949855,4
PAD645,float64,1776,8195,0.8218834620399158,41
PAQ640,float64,1785,8186,0.8209808444489018,8
DBD041,float64,1817,8154,0.8177715374586301,41
DBD055,float64,1817,8154,0.8177715374586301,46
DBQ010,float64,1817,8154,0.8177715374586301,4
BPQ050A,float64,1851,8120,0.8143616487814662,2
CBQ540,float64,1872,8099,0.8122555410691004,2
DBQ301,float64,1901,8070,0.8093471066091665,3
DBQ330,float64,1901,8070,0.8093471066091665,2
BPXCHR,float64,1938,8033,0.8056363454016648,61
SMQ895,float64,2066,7905,0.7927991174405776,22
LBDGLTSI,float64,2084,7887,0.7909938822585498,209
LBXGLT,float64,2084,7887,0.7909938822585498,232
GTDBL2MN,float64,2086,7885,0.7907933005716578,51
GTDDR2MN,float64,2086,7885,0.7907933005716578,32
BPD035,float64,2089,7882,0.7904924280413198,73
BPQ030,float64,2090,7881,0.7903921371978738,4
BPQ040A,float64,2090,7881,0.7903921371978738,3
GTDDR1MN,float64,2107,7864,0.7886871928592919,49
GTDSCMMN,float64,2107,7864,0.7886871928592919,12
DBQ390,float64,2130,7841,0.7863805034600341,4
PAQ750,float64,2165,7806,0.7828703239394244,7
PAQ770,float64,2169,7802,0.7824691605656403,3
PAQ755,float64,2170,7801,0.7823688697221943,3
PAQ731,float64,2172,7799,0.7821682880353024,9
GTXDRANK,float64,2183,7788,0.7810650887573964,3
PAD660,float64,2189,7782,0.7804633436967204,39
PAQ655,float64,2193,7778,0.7800621803229365,7
DMDYRSUS,float64,2236,7735,0.7757496740547588,11
DBD411,float64,2301,7670,0.7692307692307693,7
HIQ031D,float64,2384,7587,0.7609066292247518,1
SMD030,float64,2422,7549,0.757095577173804,47
SMQ040,float64,2422,7549,0.757095577173804,3
DBD381,float64,2507,7464,0.7485708554808946,7
PAD630,float64,2583,7388,0.7409487513789991,34
PAQ722,float64,2591,7380,0.7401464246314311,3
PAQ625,float64,2598,7373,0.7394443887273092,8
DBQ370,float64,2611,7360,0.7381406077625113,3
DBQ400,float64,2611,7360,0.7381406077625113,3
DMDEDUC3,float64,2647,7324,0.7345301373984555,19
GTDCODE,float64,2713,7258,0.72791094173102,9
WTSOG2YR,float64,2713,7258,0.72791094173102,2298
PAQ706,float64,2885,7086,0.7106609166583091,10
PAD675,float64,2946,7025,0.7045431752081035,37
DBQ223A,float64,2954,7017,0.7037408484605355,2
PAQ670,float64,2956,7015,0.7035402667736436,8
LBDGLUSI,float64,2972,6999,0.7019356132785076,257
LBXGLU,float64,2972,6999,0.7019356132785076,211
DBQ360,float64,3074,6897,0.6917059472470164,2
WTSAF2YR,float64,3191,6780,0.6799719185638351,2563
BMDBMIC,float64,3340,6631,0.6650285828903821,4
ALQ120U,float64,3376,6595,0.6614181125263263,3
ALQ141Q,float64,3377,6594,0.6613178216828803,32
ALQ130,float64,3379,6592,0.6611172399959884,15
DBQ223B,float64,3500,6471,0.6489820479390231,1
SMQ925,float64,3570,6401,0.6419616888978036,4
OSQ230,float64,3764,6207,0.622505265269281,3
RIDEXAGM,float64,4060,5911,0.5928191756092669,240
ALQ151,float64,4222,5749,0.5765720589710159,4
ALQ120Q,float64,4224,5747,0.576371477284124,32
DBQ235A,float64,4290,5681,0.5697522816166884,6
DBQ235B,float64,4290,5681,0.5697522816166884,6
DBQ235C,float64,4290,5681,0.5697522816166884,6
BPQ060,float64,4367,5604,0.5620298866713469,4
HIQ031A,float64,4509,5462,0.5477885869020158,3
BPQ070,float64,4638,5333,0.5348510680974827,5
BPQ090D,float64,4638,5333,0.5348510680974827,3
ALQ101,float64,5208,4763,0.4776852873332665,3
DMDHSEDU,float64,5226,4745,0.4758800521512386,7
CBQ552,float64,5254,4717,0.4730719085347508,3
CBQ580,float64,5254,4717,0.4730719085347508,4
CBQ590,float64,5254,4717,0.4730719085347508,5
CBQ535,float64,5283,4688,0.47016347407481696,3
CBQ545,float64,5283,4688,0.47016347407481696,5
DBQ229,float64,5719,4252,0.4264366663323639,4
DMDEDUC2,float64,5719,4252,0.4264366663323639,6
DMDMARTL,float64,5719,4252,0.4264366663323639,8
MCQ160A,float64,5719,4252,0.4264366663323639,3
MCQ160B,float64,5719,4252,0.4264366663323639,3
MCQ160C,float64,5719,4252,0.4264366663323639,3
MCQ160D,float64,5719,4252,0.4264366663323639,4
MCQ160E,float64,5719,4252,0.4264366663323639,3
MCQ160F,float64,5719,4252,0.4264366663323639,3
MCQ160G,float64,5719,4252,0.4264366663323639,3
MCQ160K,float64,5719,4252,0.4264366663323639,3
MCQ160L,float64,5719,4252,0.4264366663323639,3
MCQ160M,float64,5719,4252,0.4264366663323639,3
MCQ160N,float64,5719,4252,0.4264366663323639,3
MCQ160O,float64,5719,4252,0.4264366663323639,3
MCQ220,float64,5719,4252,0.4264366663323639,3
MCQ300A,float64,5719,4252,0.4264366663323639,4
MCQ300C,float64,5719,4252,0.4264366663323639,4
AIALANGA,float64,5962,4009,0.40206599137498744,3
SMQ020,float64,5992,3979,0.3990572660716077,4
SMQ890,float64,5992,3979,0.3990572660716077,4
SMQ900,float64,5992,3979,0.3990572660716077,4
SMQ910,float64,5992,3979,0.3990572660716077,4
DIQ160,float64,6045,3926,0.39374185136897,3
DMQMILIZ,float64,6149,3822,0.3833116036505867,2
DIQ170,float64,6186,3785,0.37960084244308495,3
DIQ172,float64,6186,3785,0.37960084244308495,4
DIQ180,float64,6186,3785,0.37960084244308495,4
LBXGH,float64,6326,3645,0.3655601243606459,104
BPQ020,float64,6327,3644,0.3654598335171999,3
BPQ080,float64,6327,3644,0.3654598335171999,3
CBQ505,float64,6327,3644,0.3654598335171999,3
CBQ550,float64,6327,3644,0.3654598335171999,3
CBQ596,float64,6327,3644,0.3654598335171999,3
DBQ700,float64,6327,3644,0.3654598335171999,6
MCQ080,float64,6327,3644,0.3654598335171999,3
MCQ365A,float64,6327,3644,0.3654598335171999,3
MCQ365B,float64,6327,3644,0.3654598335171999,3
MCQ365C,float64,6327,3644,0.3654598335171999,3
MCQ365D,float64,6327,3644,0.3654598335171999,3
MCQ370A,float64,6327,3644,0.3654598335171999,3
MCQ370B,float64,6327,3644,0.3654598335171999,3
MCQ370C,float64,6327,3644,0.3654598335171999,3
MCQ370D,float64,6327,3644,0.3654598335171999,3
IND310,float64,6939,3032,0.30408183732825195,7
PAD680,float64,6951,3020,0.3028783472069,45
PAQ650,float64,6963,3008,0.3016748570855481,3
PAQ665,float64,6963,3008,0.3016748570855481,3
PAQ620,float64,6965,3006,0.3014742753986561,3
PAQ635,float64,6965,3006,0.3014742753986561,3
PAQ605,float64,6966,3005,0.3013739845552101,3
MIALANG,float64,6977,2994,0.30027078527730416,2
MIAINTRP,float64,6978,2993,0.3001704944338582,2
MIAPROXY,float64,6978,2993,0.3001704944338582,2
BMDAVSAD,float64,6983,2988,0.2996690402166282,276
BMXSAD1,float64,6983,2988,0.2996690402166282,275
BMXSAD2,float64,6983,2988,0.2996690402166282,272
SMAQUEX2,float64,7001,2970,0.29786380503460036,2
SMD100BR,object,7001,2970,0.29786380503460036,115
SMDUPCA,object,7001,2970,0.29786380503460036,193
BMXLEG,float64,7110,2861,0.2869321030989871,240
BPAEN1,float64,7145,2826,0.2834219235783773,2
BPXDI1,float64,7145,2826,0.2834219235783773,54
BPXSY1,float64,7145,2826,0.2834219235783773,72
DBD900,float64,7217,2754,0.2762009828502658,24
BPAEN3,float64,7276,2695,0.27028382308695215,2
BPXDI3,float64,7276,2695,0.27028382308695215,56
BPXSY3,float64,7276,2695,0.27028382308695215,71
BPAEN2,float64,7313,2658,0.2665730618794504,2
BPXDI2,float64,7313,2658,0.2665730618794504,55
BPXSY2,float64,7313,2658,0.2665730618794504,70
BPXML1,float64,7371,2600,0.2607561929595828,16
BPXPLS,float64,7376,2595,0.26025473874235283,51
BPXPTY,float64,7376,2595,0.26025473874235283,2
BPACSZ,float64,7386,2585,0.2592518303078929,5
BPAARM,float64,7398,2573,0.258048340186541,3
BMXWAIST,float64,8313,1658,0.16628221843345703,1029
MCQ092,float64,8366,1605,0.16096680373081937,3
MCQ203,float64,8366,1605,0.16096680373081937,3
MCQ300B,float64,8366,1605,0.16096680373081937,3
INDFMMPI,float64,8448,1523,0.1527429545682479,404
HIQ210,float64,8650,1321,0.13248420419215726,3
HIQ270,float64,8650,1321,0.13248420419215726,4
BMXBMI,float64,8756,1215,0.12185337478688196,429
BMXHT,float64,8769,1202,0.12054959382208405,1052
INDFMPIR,float64,8919,1052,0.10550596730518504,459
BMXARMC,float64,8976,995,0.09978938922876342,387
BMXARML,float64,8976,995,0.09978938922876342,345
PAQ710,float64,9209,762,0.07642162270584696,9
PAQ715,float64,9209,762,0.07642162270584696,8
BPXPULS,float64,9314,657,0.06589108414401765,2
INDFMMPC,float64,9419,552,0.05536054558218834,5
IND235,float64,9420,551,0.055260254738742354,14
INQ300,float64,9420,551,0.055260254738742354,4
BMXWT,float64,9445,526,0.05275298365259252,1382
DBD905,float64,9478,493,0.04944338581887474,34
DBD910,float64,9482,489,0.049042222445090766,40
DBD895,float64,9494,477,0.04783873232373884,24
BMDSTATS,float64,9544,427,0.04282419015143917,4
RIDEXMON,float64,9544,427,0.04282419015143917,2
DBQ197,float64,9575,396,0.03971517400461338,5
DIQ010,float64,9575,396,0.03971517400461338,4
DIQ050,float64,9575,396,0.03971517400461338,4
DMDHRBR4,float64,9575,396,0.03971517400461338,4
DMDHREDU,float64,9575,396,0.03971517400461338,6
MCQ010,float64,9575,396,0.03971517400461338,4
MCQ053,float64,9575,396,0.03971517400461338,4
INDHHIN2,float64,9626,345,0.03460034098886772,16
FIAINTRP,float64,9642,329,0.03299568749373182,2
FIALANG,float64,9642,329,0.03299568749373182,2
FIAPROXY,float64,9642,329,0.03299568749373182,2
INDFMIN2,float64,9642,329,0.03299568749373182,16
INQ012,float64,9642,329,0.03299568749373182,4
INQ020,float64,9642,329,0.03299568749373182,4
INQ030,float64,9642,329,0.03299568749373182,4
INQ060,float64,9642,329,0.03299568749373182,4
INQ080,float64,9642,329,0.03299568749373182,4
INQ090,float64,9642,329,0.03299568749373182,4
INQ132,float64,9642,329,0.03299568749373182,4
INQ140,float64,9642,329,0.03299568749373182,4
INQ150,float64,9642,329,0.03299568749373182,4
INQ320,float64,9642,329,0.03299568749373182,11
DMDHRMAR,float64,9909,62,0.006218032293651589,8
DMDCITZN,float64,9969,2,0.00020058168689198675,4
SIAPROXY,float64,9970,1,0.00010029084344599338,2
DMDBORN4,float64,9971,0,0.0,3
DMDFMSIZ,float64,9971,0,0.0,7
DMDHHSIZ,float64,9971,0,0.0,7
DMDHHSZA,float64,9971,0,0.0,4
DMDHHSZB,float64,9971,0,0.0,5
DMDHHSZE,float64,9971,0,0.0,4
DMDHRAGE,float64,9971,0,0.0,63
DMDHRGND,float64,9971,0,0.0,2
HIQ011,float64,9971,0,0.0,4
RIAGENDR,float64,9971,0,0.0,2
RIDAGEYR,float64,9971,0,0.0,81
RIDRETH1,float64,9971,0,0.0,5
RIDRETH3,float64,9971,0,0.0,6
RIDSTATR,float64,9971,0,0.0,2
SDDSRVYR,float64,9971,0,0.0,1
SDMVPSU,float64,9971,0,0.0,2
SDMVSTRA,float64,9971,0,0.0,15
SEQN,float64,9971,0,0.0,9971
SIAINTRP,float64,9971,0,0.0,2
SIALANG,float64,9971,0,0.0,2
WTINT2YR,float64,9971,0,0.0,7213
WTMEC2YR,float64,9971,0,0.0,7809
