threshold,precision,recall,f1,balanced_accuracy,predicted_positive_rate,meets_minimum_precision,selection
0.05,0.22259081107978107,0.9490806223479491,0.36060728200994224,0.706200616517486,0.5941462453189672,False,
0.060000000000000005,0.23281726483696927,0.9358793022159358,0.37287498825960363,0.7182831625583497,0.5601471651008475,False,
0.07,0.24328859060402686,0.9229137199434229,0.38506934198878723,0.7290713637885053,0.5286117863478089,False,
0.08,0.2528773429792831,0.9064120697784064,0.395433742993778,0.7364121417594323,0.49947441035411605,False,
0.09,0.26072195662717385,0.8870815652993871,0.4029986613119143,0.7399148284512203,0.47411470994021415,False,
0.1,0.2690032858707557,0.8684582743988685,0.4107710319451413,0.7431795188788235,0.4498718875238158,False,
0.11,0.278183916891112,0.8521923620933521,0.41944653942101295,0.7470885474588898,0.4268773405163918,False,|high_recall
0.12000000000000001,0.2858640432223208,0.8356907119283357,0.4260049269963348,0.7488377223763816,0.40736482491294923,False,
0.13,0.29396303205019503,0.8173031588873173,0.43240209528560736,0.7497393657032007,0.38742526772222585,False,
0.14,0.30353004100552683,0.8026874115983027,0.44049159120310477,0.7522406523640368,0.36850404047040275,False,
0.15000000000000002,0.31209654785293295,0.7864214992927864,0.4468555354631304,0.7528863221654771,0.35112673280336376,False,|balanced_precision_recall
0.16,0.32040173296573454,0.7670909948137671,0.45200722322544795,0.7518279401549751,0.3336180277248538,False,
0.16999999999999998,0.33029045643153526,0.7505893446487506,0.4587235268693272,0.7520885654541463,0.3166677616450956,False,
0.18,0.33989071038251367,0.7331447430457332,0.4644563918757467,0.7513051959503475,0.3005715787398988,False,
0.19,0.34792600252786393,0.7138142385667138,0.46782541521823096,0.7486055925657996,0.2858879180080152,False,
0.2,0.3530403371462974,0.6911834040546911,0.4673627161871364,0.7430535340884143,0.2728138755666513,True,|minimum_precision
0.21000000000000002,0.361005331302361,0.6704384724186704,0.4693069306930693,0.7391505339192588,0.25878720189212273,True,
0.22000000000000003,0.36805648061808977,0.6513437057991514,0.4703379010979658,0.7351375017545375,0.24660009197818802,True,
0.22999999999999998,0.37452764170748776,0.6308345120226309,0.4700096601387547,0.7301309964693308,0.23470862624006308,True,
0.24,0.3835636577477213,0.615040075436115,0.4724737413980442,0.7275009537485919,0.22344129820642533,True,
0.25,0.3917910447761194,0.594059405940594,0.47217537942664417,0.7223732144206787,0.2112870376453584,True,
0.26,0.40154757984853473,0.574964639321075,0.4728576967816983,0.7181120906529039,0.19952696931870442,True,max_f1
0.27,0.40534907954150745,0.5502121640735502,0.4668,0.7097625705863935,0.1891465738124959,True,
0.28,0.4106749816581071,0.5278170674210279,0.4619352176604085,0.7025917398173842,0.17909467183496486,True,
0.29,0.417910447761194,0.5082508250825083,0.45867460908414,0.6968162522359107,0.16946981144471454,True,
0.3,0.42434278617263504,0.48326261197548326,0.4518902237407693,0.6885587869037721,0.15869522370409303,True,
0.31,0.4313812154696133,0.46016030174446015,0.44530626211931107,0.6809770974371155,0.148643321726562,True,
0.32,0.4363550962893377,0.438000942951438,0.4371764705882353,0.6731989447581617,0.13987254451087314,True,
0.33,0.4476597886260695,0.41937765205091937,0.4330574488802337,0.6677995130483605,0.13054332829643256,True,
0.33999999999999997,0.45496224379719524,0.3976897689768977,0.4244025157232704,0.6602761821983725,0.12180540043361146,True,
0.35,0.4632523148148148,0.37741631305987744,0.41595219537542216,0.6533073931711602,0.11352736351093884,True,
0.36,0.4748447204968944,0.36044318717586044,0.4098097024926293,0.6479506012215179,0.10577491623415018,True,
0.37,0.4809665673618007,0.34252710985384255,0.40011014732204325,0.6413398908047838,0.09923789501346823,True,
0.38,0.48753561253561256,0.32272512965582273,0.38836879432624116,0.6339007327668427,0.0922409828526378,True,
0.39,0.48940269749518306,0.29938708156529936,0.3715079713324558,0.6244072812406649,0.08524407069180737,True,
0.4,0.4900990099009901,0.28005657708628007,0.3564356435643564,0.616440502283598,0.07962683135142237,True,
0.41,0.4955476402493321,0.2623762376237624,0.343094944512947,0.6095659814073011,0.07377964654096314,True,
0.42,0.5036425449247207,0.24446016030174447,0.329154102523409,0.6027262633569791,0.06763681755469417,True,
0.43,0.5109947643979058,0.23008015087223008,0.31729518855656696,0.597215647955199,0.06274226397739964,True,
0.44,0.5155104342921601,0.21546440358321547,0.3039068994181214,0.5913390720206153,0.0582419026345181,True,
0.45,0.5217391304347826,0.20084865629420084,0.29004255319148936,0.5855197479944286,0.05364299323303331,True,
0.46,0.5259308510638298,0.18646864686468648,0.27532196310476853,0.5796274532033356,0.04940542671309375,True,
0.47,0.5319148936170213,0.1709099481376709,0.2586975914362177,0.5732794015497515,0.044773667958741215,True,
0.48,0.5490353697749196,0.161008958038661,0.24899744804958074,0.5697983721491016,0.04086459496747914,True,
0.49,0.5558510638297872,0.1478076379066478,0.2335195530726257,0.5643427502510339,0.037054070034820315,True,
0.5,0.5669599217986315,0.13672795851013672,0.22032288698955366,0.5599097807817859,0.03360488798370672,True,
0.51,0.5687103594080338,0.12682696841112684,0.20740169622205087,0.5556272246635787,0.031075487812890087,True,
0.52,0.5714285714285714,0.11598302687411598,0.19282774838330394,0.5509495287042335,0.028283292819131462,True,
0.53,0.5701643489254109,0.10631777463460632,0.17921716669978144,0.5466703376989825,0.025983838118389068,True,
0.54,0.5869262865090403,0.09948137670909948,0.1701269905261036,0.544072749423252,0.023618684711911177,True,
0.55,0.5942249240121581,0.09217350306459217,0.15959183673469388,0.5409913316849678,0.021614874186978515,True,
0.56,0.5983050847457627,0.08321546440358321,0.14610927152317882,0.5370848314384329,0.01938111819197162,True,
0.5700000000000001,0.6003717472118959,0.07614332861857614,0.13514644351464436,0.5339686108741736,0.017672951842848696,True,
0.5800000000000001,0.6004056795131846,0.06977840641206978,0.12502639915522704,0.5311296612213021,0.016194730963800013,True,
0.5900000000000001,0.62004662004662,0.0627062706270627,0.11389424106187113,0.5282424482906306,0.014092372380264109,True,
0.6000000000000001,0.6293333333333333,0.055634134842055635,0.10223088585661685,0.5251643956653026,0.01231850732540569,True,
0.6100000000000001,0.6231003039513677,0.04832626119754833,0.08969590899146795,0.5217967183850337,0.010807437093489258,True,
0.6200000000000001,0.6245487364620939,0.040782649693540785,0.0765656118610312,0.518406592022343,0.009099270744366336,True,
0.63,0.6398305084745762,0.035596416784535595,0.06744082179544439,0.5161760709876876,0.0077524472767886475,True,
0.64,0.6751269035532995,0.03135313531353135,0.05992340617256139,0.5144551936109641,0.006471322514946456,True,
0.65,0.6582278481012658,0.024516737388024516,0.04727272727272727,0.5112278343428672,0.0051901977531042635,True,
0.66,0.6942148760330579,0.019801980198019802,0.03850561540224616,0.5091948832287809,0.003974771696997569,True,
0.67,0.6804123711340206,0.015558698727015558,0.030421756165014982,0.5071877463100727,0.003186387228171605,True,
0.68,0.6666666666666666,0.011315417256011316,0.022253129346314324,0.50519969336083,0.002365153406477892,True,
0.6900000000000001,0.7358490566037735,0.009193776520509194,0.018160651920838183,0.5043297126877355,0.0017410157019906707,True,
0.7000000000000001,0.6829268292682927,0.006600660066006601,0.013074947466728928,0.5030522384299498,0.0013468234675776886,True,
0.7100000000000001,0.6875,0.005186232909005186,0.010294805802526907,0.5024022767598461,0.0010511792917679522,True,
0.7200000000000001,0.75,0.004243281471004243,0.008438818565400843,0.5020071369187082,0.0007883844688259641,True,
0.7300000000000001,0.6428571428571429,0.0021216407355021216,0.0042293233082706765,0.5009654005204228,0.00045989094014847905,True,
0.7400000000000001,0.7,0.0016501650165016502,0.003292568203198495,0.5007678305998539,0.00032849352867748505,True,
0.7500000000000001,0.5,0.0004714757190004715,0.0009420631182289214,0.500197569920569,0.00013139741147099403,True,
0.76,0.6666666666666666,0.0004714757190004715,0.0009422850412249705,0.5002166538900346,9.854805860324551e-05,True,
0.77,0.5,0.00023573785950023574,0.000471253534401508,0.5000987849602845,6.569870573549701e-05,True,
0.78,0.0,0.0,0.0,0.5,0.0,False,
0.79,0.0,0.0,0.0,0.5,0.0,False,
0.8,0.0,0.0,0.0,0.5,0.0,False,
0.81,0.0,0.0,0.0,0.5,0.0,False,
0.8200000000000001,0.0,0.0,0.0,0.5,0.0,False,
0.8300000000000001,0.0,0.0,0.0,0.5,0.0,False,
0.8400000000000001,0.0,0.0,0.0,0.5,0.0,False,
0.8500000000000001,0.0,0.0,0.0,0.5,0.0,False,
0.8600000000000001,0.0,0.0,0.0,0.5,0.0,False,
0.8700000000000001,0.0,0.0,0.0,0.5,0.0,False,
0.8800000000000001,0.0,0.0,0.0,0.5,0.0,False,
0.89,0.0,0.0,0.0,0.5,0.0,False,
0.9,0.0,0.0,0.0,0.5,0.0,False,
