threshold,high_risk_precision,high_risk_recall,f1,balanced_accuracy,predicted_positive_rate,meets_minimum_precision,selection
0.05,0.16587546346027235,0.9979153637690223,0.2844663655811742,0.5296264282288278,0.9479994744103541,False,
0.060000000000000005,0.16851675652817422,0.9968730456535334,0.28829806474950265,0.5384053276620172,0.9321660863280994,False,
0.07,0.17105216052697525,0.9960391911611424,0.29196455850901315,0.5465670707219242,0.917580973654819,False,
0.08,0.1736078274469865,0.9949968730456535,0.2956333230102199,0.5545270970804403,0.9031272583930097,False,
0.09,0.17590885627903546,0.994579945799458,0.29894420251261006,0.5615130183276876,0.890940148479075,False,
0.1,0.17814567061549386,0.9937460913070669,0.3021295474711624,0.5680955061721531,0.8790158333880822,False,
0.11,0.1806113934612759,0.9927037731915781,0.3056188428585181,0.5751391745661536,0.8661060377110571,False,
0.12000000000000001,0.18296105493829534,0.9920783823222847,0.3089457283822384,0.581689415376389,0.8544445174430064,False,
0.13,0.18539457267623208,0.9912445278298937,0.3123665626539662,0.5882719032208544,0.8425202023520136,False,
0.14,0.18771735693961428,0.9902022097144049,0.3156041327530647,0.5943602196944027,0.8312200249655082,False,
0.15000000000000002,0.18962690446674932,0.9885345007296227,0.3182123204938934,0.5991609918348835,0.8214637671637869,False,
0.16,0.19174973660750466,0.986449864498645,0.32108566581849024,0.604338209691319,0.8106563300702976,False,
0.16999999999999998,0.19384867746565512,0.9854075463831561,0.32396682886710987,0.609432180288478,0.8010314696800473,False,
0.18,0.19593276613405272,0.9841567646445695,0.32680326734044024,0.6143439311622145,0.7915051573484002,False,
0.19,0.1979853095487933,0.9833229101521784,0.3296065963245056,0.6191132000556174,0.7826358320741081,False,
0.2,0.19966940747647707,0.9820721284135918,0.33186573209820014,0.6228746292292174,0.7750476315616582,False,
0.21000000000000002,0.20143915706514756,0.9804044194288096,0.33420977828311543,0.6267005524712775,0.7669338414033243,True,|minimum_precision
0.22000000000000003,0.2035072526520892,0.9797790285595164,0.33701419761938906,0.6312426045507662,0.7586558044806517,True,
0.22999999999999998,0.205055319893296,0.9774859287054409,0.3389965297860035,0.6343268988428745,0.751166152026805,True,
0.24,0.20683564426388767,0.9764436105899521,0.3413620959807601,0.6380170870263077,0.7439064450430326,True,
0.25,0.20875195356106274,0.9745674379820721,0.34385113268608414,0.6417972693907241,0.7356612574732277,True,
0.26,0.21075706214689266,0.9720658745048989,0.34640814203996734,0.6455767079679886,0.7267919321989357,True,
0.27,0.21254053066630132,0.9701897018970189,0.34869259009515247,0.6489084598391315,0.719302279745089,True,
0.28,0.21453974412267332,0.968313529289139,0.3512552934059286,0.6525911573137058,0.7112213389396229,True,
0.29,0.21669004207573633,0.9662288930581614,0.3539924389964486,0.6564425806682891,0.7026476578411406,True,
0.3,0.2186229074056559,0.9637273295809882,0.3563967158771152,0.6597150978183748,0.6946324157414099,True,
0.31,0.22068734764112613,0.9624765478424016,0.35904813749125125,0.6633595451241643,0.6872413113461665,True,
0.32,0.2225228271897193,0.960183447988326,0.36131157828679006,0.6663268575484621,0.6799487550095263,True,
0.33,0.22494497432134997,0.9587242026266416,0.3643926788685524,0.6704129884258183,0.6716050193811182,True,
0.33999999999999997,0.22706796693233008,0.9562226391494684,0.3669893591487319,0.673685505575904,0.6635897772813876,True,
0.35,0.2291207690767074,0.9539295392953929,0.36949412572166823,0.6767892968459808,0.6560672754746731,True,
0.36,0.23116264938221592,0.9516364394413175,0.3719698512935425,0.6797956032262154,0.6487090204322975,True,
0.37,0.2332036050798853,0.949343339587242,0.3744295991778006,0.6827239216945764,0.6414821628013928,True,
0.38,0.23581872861142797,0.9480925578486554,0.37769380891084997,0.686699817625829,0.6335326194073977,True,
0.39,0.23807271963009669,0.9445486762559934,0.38029292039112006,0.6895486606080123,0.6251888837789895,True,
0.4,0.24064426961513927,0.9437148217636022,0.38349781862848914,0.6933430806029943,0.6179620261480849,True,
0.41,0.24302338110117444,0.940379403794038,0.3862322873410677,0.6962376644628213,0.6097496879311478,True,
0.42,0.24543223343332424,0.9380863039399625,0.38907141621995506,0.6993024617769612,0.6022928848301689,True,
0.43,0.24780568589566657,0.9357932040858871,0.39184706703910616,0.7022307802453222,0.5950660271992642,True,
0.44,0.25028001792114696,0.9316239316239316,0.3945614267425948,0.7048059217487956,0.5865580448065173,True,
0.45,0.253125,0.9287054409005628,0.3978211367593874,0.7080649450554676,0.5781486104723736,True,
0.46,0.25594792326746935,0.9262038774233896,0.40106517421917315,0.7112789712716481,0.5702319164312463,True,
0.47,0.25862975293499213,0.9230769230769231,0.4040514645496852,0.7140633201853712,0.5624137704487222,True,
0.48,0.2605938481597819,0.9166145507608923,0.4058144900784495,0.7150629782465019,0.5542671309375206,True,
0.49,0.2631642221687906,0.9126537419220346,0.4085289040265012,0.7173329150241875,0.5464818343078641,True,
0.5,0.2658860836687401,0.9089013967062748,0.41141778721396555,0.7197460775693589,0.53866368832534,True,
0.51,0.2694313384653588,0.9047321242443194,0.41521167184884,0.7229256253898532,0.5291373759936929,True,
0.52,0.27296836522068574,0.9011882426516573,0.4190171561500436,0.7261059169974995,0.5202352013665331,True,
0.53,0.2759928029816219,0.8953512612049197,0.4219264207475809,0.7280031798323292,0.5112016293279023,True,
0.54,0.27922502945411704,0.8893058161350844,0.42500622665006227,0.7299521866793574,0.5018724131134616,True,
0.55,0.2822650570266124,0.8822180529497603,0.42769075290550784,0.7313020465567674,0.49251034754615336,True,
0.56,0.28593781889924486,0.8761726078799249,0.4311653672548215,0.7334460231834797,0.4828526378030353,True,
0.5700000000000001,0.2897423432182791,0.8697102355638942,0.43467389039383203,0.7354595240989679,0.4729978319427107,True,
0.5800000000000001,0.294050749875613,0.8624140087554721,0.4385667338068483,0.7375630191954393,0.46215754549635374,True,
0.5900000000000001,0.2973424339239036,0.8536585365853658,0.44105767677311647,0.738157012492332,0.4524012876946324,True,|high_recall
0.6000000000000001,0.30129060970182464,0.8467792370231395,0.4444444444444444,0.7397280860491015,0.44287497536298537,True,
0.6100000000000001,0.30588951453355656,0.8380237648530331,0.44818551758737946,0.7411604493986359,0.43170619538795085,True,
0.6200000000000001,0.3096462521427458,0.8284344381905357,0.45079689183823946,0.7414739942951118,0.4215885947046843,True,
0.63,0.31447094605410597,0.8190535751511361,0.45445607541495575,0.7425351712760945,0.41041981472964983,True,
0.64,0.3188869736518099,0.8098811757348343,0.4575971731448763,0.7431546646855103,0.40020366598778007,True,
0.65,0.323943661971831,0.8007087763185324,0.4612705656298787,0.7440666127644524,0.38949477695289403,True,
0.66,0.32871252815803154,0.7909109860329373,0.4644103066283126,0.74439290771719,0.37914723079955326,True,|balanced_precision_recall
0.67,0.33461883408071746,0.7777777777777778,0.46792500156769296,0.7442408093412187,0.36627028447539584,True,
0.68,0.33935519733185104,0.7636022514071295,0.4698864729651722,0.7427681758107981,0.35457591485447737,True,
0.6900000000000001,0.34571099597006333,0.7510944340212633,0.4734870885077863,0.7425973242440105,0.3423559555876749,True,
0.7000000000000001,0.3513996426444312,0.7379612257661038,0.4760944119427073,0.741587358837429,0.33092438078969844,True,
0.7100000000000001,0.35744505211020533,0.7221179904106734,0.4781888459414688,0.7396513133960172,0.31834307864135075,True,
0.7200000000000001,0.364659237033862,0.7094017094017094,0.48170429612853,0.7391032723261228,0.3065501609618291,True,
0.7300000000000001,0.3709460970700067,0.6914738378153013,0.48285901448431473,0.7360664178353169,0.2937389133434071,True,
0.7400000000000001,0.3789719626168224,0.6762559933291641,0.48573781537770455,0.7344820617844885,0.2811904605479272,True,
0.7500000000000001,0.38985970957420624,0.6604127579737336,0.49028863267043254,0.7335403622194657,0.2669338414033244,True,
0.76,0.3974841136039424,0.6389410047946633,0.4900863447393668,0.728887542756076,0.25330135996320874,True,
0.77,0.4068842567196928,0.6185115697310819,0.49085945901232525,0.7249313551521466,0.2395374811116221,True,
0.78,0.41640058055152396,0.5980821346675005,0.4909728758449559,0.7206437189227539,0.2263320412587872,True,max_f1
0.79,0.42504626773596543,0.5745257452574526,0.488609165854091,0.7145781387624756,0.2129952039944813,True,
0.8,0.4340306374567617,0.5493016468626225,0.48490982701509017,0.7076592071318377,0.19942842126010119,True,
0.81,0.44477982954545453,0.5222013758599124,0.48039121679930963,0.7001336378227229,0.1850075553511596,True,
0.8200000000000001,0.4536840069619029,0.4890556597873671,0.47070626003210275,0.6894488671329115,0.16986400367912752,True,
0.8300000000000001,0.463626723223754,0.455701480091724,0.45962994112699745,0.6785428827637408,0.1548846987714342,True,
0.8400000000000001,0.474671669793621,0.42193037314988535,0.4467498068645845,0.6672919559256933,0.14006964062807964,True,
0.8500000000000001,0.4884937238493724,0.3894100479466333,0.43336039902563506,0.6565689350670971,0.12561592536627028,True,
0.8600000000000001,0.5059241706161137,0.3560558682509902,0.4179615808148783,0.6455069748741791,0.11089941528151895,True,
0.8700000000000001,0.5137989778534924,0.3143631436314363,0.3900672529746508,0.6293593842547901,0.09641285066684187,True,
0.8800000000000001,0.5248484848484849,0.2707942464040025,0.3572607260726073,0.6124686771111454,0.08130214834767754,True,
0.89,0.5461272816970892,0.23076923076923078,0.32444314185228607,0.5974473956536737,0.06658563826292623,True,
0.9,0.5659787367104441,0.18865957890348134,0.28298936835522204,0.5807988867416607,0.05252611523552986,True,
0.8675757646560669,0.5110016420361247,0.3243693975401292,,,0.1000262794822942,True,top_10_percent
0.7996768951416016,0.43291180817868286,0.5495101104857203,,,0.20001970961172064,True,top_20_percent
0.7253233194351196,0.3672396802803022,0.6991869918699187,,,0.3000131397411471,True,top_30_percent
0.6402249336242676,0.31904409953190443,0.8098811757348343,,,0.40000656987057354,True,top_40_percent
0.5418915748596191,0.2800078838446883,0.8884719616426934,,,0.5,True,top_50_percent
