weight_Logistic,weight_ExtraTrees,weight_XGBoost,accuracy,macro_f1,balanced_accuracy,class_0_recall,class_1_recall,class_2_recall,class_0_precision,class_1_precision,class_2_precision,macro_roc_auc_ovr,multiclass_log_loss,multiclass_brier_score,multiclass_ece,selection
0.4,0.5,0.1,0.7546666666666667,0.4543874814888614,0.5044762924549069,0.7838319088319088,0.060218978102189784,0.669377990430622,0.929607208221878,0.04680851063829787,0.3503631354871024,0.7638491974833507,0.6459564231382087,0.359656221348912,0.10490747150857777,max_macro_f1
0.4,0.6,0.0,0.7587333333333334,0.45332095201390166,0.5003812835492094,0.7904795821462488,0.051094890510948905,0.6595693779904306,0.9277819060003716,0.042232277526395176,0.35323510570147343,0.7625438805945427,0.6381027676783948,0.3548962214300923,0.10806676932824051,
0.0,0.7,0.3,0.7696333333333333,0.4524649497713997,0.49321946647361764,0.8070987654320988,0.032846715328467155,0.6397129186602871,0.9222317674187277,0.04081632653061224,0.3593120128997581,0.7507718707201834,0.5578945312959673,0.3191839508205529,0.057797183814654735,
0.4,0.4,0.2,0.7492,0.45230823550479055,0.5054373329063502,0.7757993035770814,0.06204379562043796,0.6784688995215311,0.9315341853945931,0.04342273307790549,0.3471236230110159,0.7644476974294317,0.6548715988972742,0.3651580261291595,0.09972222582809054,
0.1,0.6,0.3,0.7655666666666666,0.452048477904824,0.49599902448431915,0.7999762583095916,0.03467153284671533,0.6533492822966507,0.9249245127642053,0.03917525773195876,0.3566671019981716,0.7562352134497727,0.5800581964482211,0.32883891638292795,0.07000163104049609,
0.3,0.6,0.1,0.7617666666666667,0.45192468108569717,0.4976117318976698,0.7945552389996834,0.040145985401459854,0.658133971291866,0.926327443834479,0.039927404718693285,0.3539629439011837,0.761625685101663,0.6170366189176884,0.34438296529763257,0.09653003363752519,
0.2,0.6,0.2,0.7645333333333333,0.45187127948082395,0.49672157462207406,0.7980769230769231,0.03467153284671533,0.6574162679425838,0.9256505576208178,0.03777335984095427,0.35651271406331086,0.7595509229352174,0.5976450660177698,0.3356971969486676,0.0842883103446304,
0.2,0.8,0.0,0.7703,0.45168029526886116,0.49021815637401644,0.8101456157011713,0.03467153284671533,0.6258373205741626,0.9211734005219113,0.039832285115303984,0.3585034945868165,0.7564610530812272,0.5843954623613025,0.327796633973296,0.0874922688637069,
0.0,0.6,0.4,0.7655333333333333,0.45130046405336105,0.49418884996459306,0.8010050648939537,0.03467153284671533,0.6468899521531101,0.9236209335219236,0.03917525773195876,0.3558831271387207,0.7514773387508672,0.5649587480686646,0.3238081236001443,0.05439129007955316,
0.1,0.7,0.2,0.7688,0.45129352290293956,0.49242774807258805,0.8060699588477366,0.03102189781021898,0.6401913875598086,0.9226414239775352,0.03736263736263736,0.35842485936244306,0.7554024447215312,0.57293062463456,0.32436623803388237,0.07238450466350026,
0.2,0.7,0.1,0.7673666666666666,0.4511901581644351,0.4929881080551248,0.8040123456790124,0.032846715328467155,0.6421052631578947,0.9234649820479025,0.0371900826446281,0.35724743777452417,0.7583916946999204,0.5905653714962612,0.3313760130301731,0.08609955033983994,
0.3,0.7,0.0,0.7650333333333333,0.45112958482055937,0.4937874253596141,0.800846786957898,0.0364963503649635,0.6440191387559808,0.9243240774570698,0.03690036900369004,0.35599047870933614,0.7600114949594888,0.6100509720707831,0.3402132758096945,0.09856464568829777,
0.2,0.5,0.3,0.7594666666666666,0.4509633440440218,0.49856908566481567,0.790400443178221,0.03832116788321168,0.6669856459330143,0.92743058779831,0.03716814159292035,0.3530454603013803,0.7600316677881865,0.6056672185162232,0.34076018572876393,0.07974119774153236,
0.0,0.8,0.2,0.7724333333333333,0.4508495635371203,0.4883452874919274,0.8133507439062995,0.029197080291970802,0.622488038277512,0.9195222331573768,0.037296037296037296,0.3605376195094915,0.7494913315899637,0.5517962011752345,0.3153015829027376,0.05943745869979214,
0.1,0.8,0.1,0.7715666666666666,0.4507757569936248,0.48920034175828775,0.8116096866096866,0.029197080291970802,0.6267942583732058,0.9207667444783624,0.03524229074889868,0.3603851444291609,0.7539344525883376,0.5667060961214171,0.3206353645465335,0.07381742964675705,
0.3,0.5,0.2,0.7572666666666666,0.45071279737595965,0.4989552773612476,0.7876701487812598,0.041970802919708027,0.6672248803827752,0.9277158969100993,0.038917089678511,0.35072937625754524,0.7624981237948726,0.6249895050265465,0.34929445964709327,0.09272336388977526,
0.5,0.4,0.1,0.7432,0.4506230506538753,0.5059054672787403,0.7685580880025324,0.07116788321167883,0.6779904306220096,0.9330354998318682,0.0377906976744186,0.34768740031897927,0.7652308729357884,0.6774270958588279,0.37719578118401126,0.10808549093514128,
0.1,0.9,0.0,0.7738,0.45048119899569977,0.4854212988146768,0.8173472617917062,0.03102189781021898,0.6078947368421053,0.917962847746867,0.037527593818984545,0.36068133427963095,0.7515916478527697,0.5613853902713934,0.3176462959208967,0.07421632783260271,
0.4,0.3,0.3,0.7425333333333334,0.45017472482821264,0.5063816000313773,0.7666983222538778,0.06751824817518248,0.6849282296650717,0.9328839672604718,0.04017372421281216,0.34456613310867734,0.764411872109149,0.664936708540894,0.3714016357708193,0.0926474770686289,
0.0,0.9,0.1,0.7753666666666666,0.45014334876946877,0.4845848354204098,0.8194444444444444,0.02737226277372263,0.6069377990430622,0.9171796802338457,0.035046728971962614,0.3627913627913628,0.74746896205199,0.5467326570084414,0.3121610198467137,0.06073557646014633,
0.0,1.0,0.0,0.7775,0.4498968692547997,0.48129866290144313,0.8247467553023109,0.029197080291970802,0.5899521531100479,0.9152505159618847,0.03695150115473441,0.3629673241095084,0.7444866820704802,0.5475348684743767,0.30976226165249837,0.060755075848769685,
0.1,0.5,0.4,0.7598333333333334,0.4498018261768972,0.49612244143732026,0.792062361506806,0.0364963503649635,0.6598086124401914,0.9261555545273678,0.035398230088495575,0.35259524418307336,0.7565153552674952,0.5881205801627832,0.3340533995936547,0.0646424522019315,
0.0,0.5,0.5,0.7599333333333333,0.4495213483454539,0.49523024108118224,0.7927350427350427,0.0364963503649635,0.6564593301435406,0.9253152279340446,0.0353356890459364,0.35256327894128225,0.7516700873763352,0.5729967903350431,0.3291741012414965,0.04900340097408813,
0.3,0.4,0.3,0.7518,0.4490267324275623,0.500382202732767,0.779360557138335,0.043795620437956206,0.6779904306220096,0.9302413451093373,0.03488372093023256,0.3482000245730434,0.7627060639059186,0.6339679921547778,0.35494775885806107,0.08734974058998587,
0.5,0.5,0.0,0.7475666666666667,0.4489543775605714,0.49994034160594114,0.7761158594491928,0.058394160583941604,0.665311004784689,0.9304995493144836,0.033402922755741124,0.34924023609192517,0.7641783268056184,0.6686006586800196,0.3718454708344895,0.11194541366661595,
0.6,0.4,0.0,0.7335,0.4488913431108974,0.5072703003591154,0.758349161126939,0.09671532846715329,0.6667464114832536,0.9347868500634084,0.03566621803499327,0.3478532201697454,0.7650889556549979,0.7017610423735205,0.3910610240228858,0.11165837177483973,
0.1,0.4,0.5,0.7536666666666667,0.4486465042221142,0.49793010586823994,0.7831592276036721,0.041970802919708027,0.6686602870813397,0.9279819954988747,0.03560371517027864,0.3482432095689011,0.7563381034495128,0.5971780634605651,0.3400096876660476,0.058262610218974414,
0.5,0.3,0.2,0.7367333333333334,0.44844576279502074,0.5068662306023756,0.759417537195315,0.07481751824817519,0.6863636363636364,0.9351915018029432,0.0352536543422184,0.3450390859891762,0.7655765740680048,0.6874514682870395,0.3832878963948661,0.10136730689427924,
0.0,0.4,0.6,0.7538333333333334,0.44840782382825634,0.4971973951452758,0.7838319088319088,0.041970802919708027,0.6657894736842105,0.9277785583813405,0.03484848484848485,0.34835398673175616,0.7514457789093564,0.5820596379998773,0.33528188374459383,0.04254104324893188,
0.2,0.4,0.4,0.7524666666666666,0.44840756255966047,0.4987198168431361,0.780982905982906,0.041970802919708027,0.6732057416267943,0.9288874246987951,0.03484848484848485,0.3477508650519031,0.7599573489375772,0.6146921791619573,0.34656497937044684,0.07268814440035358,
0.3,0.3,0.4,0.745,0.44839531979742003,0.5026596286485161,0.7702200063311174,0.05474452554744526,0.6830143540669856,0.9316071599502249,0.03640776699029126,0.34472349673991787,0.7623426223908187,0.6440622970328135,0.36134286293052065,0.08000806042947724,
0.2,0.3,0.5,0.7455333333333334,0.44734871505182766,0.5005490657345355,0.7716049382716049,0.051094890510948905,0.6789473684210526,0.9304766903659875,0.03513174404015056,0.3441668687848654,0.7594460809539991,0.6248111467686382,0.353111577873701,0.06507497415246855,
0.6,0.3,0.1,0.7268333333333333,0.44687845681249433,0.5088840295891277,0.7485359290914847,0.10036496350364964,0.6777511961722488,0.9372739434177277,0.034310667498440424,0.34489895300706114,0.7658635168571436,0.7117211784406765,0.3970016448029304,0.10496021750492378,
0.2,0.2,0.6,0.7379,0.44651759023528453,0.5032249386054113,0.7613564419119975,0.06386861313868614,0.6844497607655502,0.932173828787365,0.03582395087001024,0.3413266523502744,0.7585426331799091,0.6361552182287872,0.36039998123851086,0.05609703041176111,
0.1,0.3,0.6,0.7456666666666667,0.44638556129358825,0.4985425326196658,0.772673314339981,0.04927007299270073,0.6736842105263158,0.9293260993717876,0.03413400758533502,0.3435403196291326,0.7557488938710151,0.6073224479068192,0.3467077806000909,0.049443829504774446,
0.5,0.2,0.3,0.7282666666666666,0.4463172925601988,0.5084136979101479,0.7486546375435265,0.08759124087591241,0.6889952153110048,0.936355537959022,0.035424354243542434,0.3412726626377533,0.7653207398372773,0.6988046775280604,0.39012181646703853,0.09187296424105042,
0.4,0.2,0.4,0.7337666666666667,0.44607197641981206,0.5051677204396289,0.755579297245964,0.07116788321167883,0.688755980861244,0.9346091723361558,0.0351985559566787,0.3402671079068668,0.7638358517639441,0.6762827747313769,0.3783870502738761,0.08275936180820943,
0.7,0.3,0.0,0.7127,0.4454984210813184,0.515232365531166,0.7331433998100665,0.14963503649635038,0.6629186602870814,0.939220357885132,0.03620309050772627,0.346028971028971,0.765293758792843,0.7379586566599697,0.4125428809952814,0.10282607513760754,
0.3,0.2,0.5,0.7363,0.4454931957763144,0.5026583818497707,0.759417537195315,0.06386861313868614,0.684688995215311,0.9330545967232242,0.03479125248508946,0.3397032640949555,0.7615539801656483,0.6554032386210217,0.3684797718644567,0.0700871017817805,
0.6,0.2,0.2,0.7189,0.4449745106259353,0.5112376168230525,0.738366571699905,0.11496350364963503,0.6803827751196172,0.9385373704858666,0.03553299492385787,0.3408028759736369,0.7659874349802336,0.7230753720015474,0.4036840704442132,0.09617418266258827,
0.0,0.3,0.7,0.7453,0.4447696997749549,0.49607584434955987,0.7729898702120924,0.04562043795620438,0.6696172248803828,0.9286902781079154,0.03109452736318408,0.34297267491728956,0.7508721255140577,0.5922377343297832,0.34213147110942105,0.03308653016612195,
0.1,0.2,0.7,0.7377,0.44403437326642003,0.4990350392219318,0.7623061095283318,0.05656934306569343,0.6782296650717703,0.9313512206913223,0.03137651821862348,0.34045874864897324,0.7548272512911435,0.618686372219787,0.3541476783957693,0.040452755401644176,
0.4,0.1,0.5,0.7247666666666667,0.4435820610601051,0.5061713755564156,0.7443811332700222,0.08394160583941605,0.6901913875598086,0.9362464539889513,0.034328358208955224,0.3367573246177192,0.7627934175036731,0.6891016331189037,0.3861142696383146,0.0719198128239683,
0.3,0.1,0.6,0.7277666666666667,0.4434194423354967,0.5040502717435317,0.748338081671415,0.07481751824817519,0.6889952153110048,0.9348492338111716,0.03319838056680162,0.3374340949033392,0.7603446515807423,0.6681804352261084,0.3763584856598537,0.05962289699711867,
0.5,0.1,0.4,0.7195333333333334,0.4431266553154047,0.5082622390870708,0.7382082937638493,0.09854014598540146,0.6880382775119617,0.9381002665057575,0.03428571428571429,0.3368470367767627,0.7645467198556345,0.7116821914487087,0.3976975414005132,0.08136463281417733,
0.0,0.2,0.8,0.7376666666666667,0.4425688112970155,0.49636747428896094,0.7632162076606521,0.05291970802919708,0.6729665071770335,0.9303492185992668,0.02965235173824131,0.3393244873341375,0.7499183106790647,0.6036700806208389,0.3497228633359628,0.02384912215241487,
0.4,0.0,0.6,0.7162666666666667,0.4421932370130634,0.509220768896926,0.7339347894903451,0.10401459854014598,0.689712918660287,0.9384265115102454,0.03587161736941473,0.3334489937543373,0.7613757784888905,0.7036861735226613,0.39458329386411933,0.06083666735688423,
0.2,0.1,0.7,0.7289,0.44215466401647624,0.501120070354643,0.7504352643241532,0.06751824817518248,0.6854066985645934,0.9335006891120299,0.031678082191780824,0.33642555190230156,0.7572975574963161,0.6489138664988886,0.36843018946486106,0.04506742980144239,
0.7,0.2,0.1,0.7044333333333334,0.44177301659296275,0.513554695692827,0.7226970560303894,0.15145985401459855,0.6665071770334928,0.9406190451666065,0.03384991843393149,0.342639281761161,0.7658256801455535,0.7492927011607978,0.41907381220566936,0.09547943281881643,
0.5,0.0,0.5,0.7101666666666666,0.441691051495158,0.5125581921871104,0.7264165875276987,0.12226277372262774,0.6889952153110048,0.9406158733411897,0.03639326453014666,0.333256190696598,0.7633096226661653,0.7263855117081315,0.40601507119527486,0.06945259603959489,
0.6,0.1,0.3,0.7103333333333334,0.4414194636504847,0.5104278267039184,0.7279202279202279,0.12226277372262774,0.6811004784688995,0.9402985074626866,0.033787191124558746,0.3368035017153673,0.7655321699164938,0.736023296379305,0.41110830094671885,0.08696066237296028,
0.1,0.1,0.8,0.7294666666666667,0.4412218912754269,0.4988895872915024,0.7519389047166825,0.06386861313868614,0.6808612440191387,0.9326168040832352,0.030355594102341718,0.3359697792468422,0.7535804081130366,0.6314628639240576,0.3623293810530675,0.03089106522705045,
0.3,0.0,0.7,0.7189,0.4404204069796381,0.5038421413892736,0.7380500158277936,0.08759124087591241,0.6858851674641149,0.9362043868895247,0.03292181069958848,0.33263719689059057,0.7588343571047572,0.6826822425986426,0.38497900431669624,0.04813826251282299,
0.6,0.0,0.4,0.7017,0.43985700037127967,0.5142231205953975,0.7168407723963279,0.14233576642335766,0.6834928229665072,0.9427560366361366,0.03469750889679715,0.3347000937207123,0.7645427509568146,0.7508790235766492,0.41927433631043204,0.07480851756559613,
0.2,0.0,0.8,0.7214,0.4396270447988533,0.500728442512495,0.7415716999050332,0.07664233576642336,0.6839712918660287,0.9353663405869435,0.03032490974729242,0.33325562419862453,0.7557500665851712,0.6633759001487863,0.37720220255273623,0.035027034114674914,
0.0,0.1,0.9,0.7302333333333333,0.43956204736498766,0.49528185788590445,0.7539173789173789,0.05656934306569343,0.6753588516746412,0.9317781690140845,0.02700348432055749,0.33591147072822464,0.7486350354412327,0.6165703418060344,0.35805606042420374,0.016082942936593465,
0.1,0.0,0.9,0.7226,0.4395245607012605,0.4995433138252677,0.7436688825577714,0.07481751824817519,0.6801435406698565,0.9340490035286516,0.03052866716306776,0.33305998125585756,0.7520136572197758,0.6459504753940131,0.37125288857197003,0.02044468614575802,
0.7,0.1,0.2,0.696,0.43796507951565317,0.5122691371962156,0.712408990186768,0.15693430656934307,0.6674641148325359,0.9433586586324338,0.0324773413897281,0.3374863916777549,0.7657246480749084,0.7623148785468533,0.42634654827720075,0.08837224980511424,
0.8,0.2,0.0,0.6861666666666667,0.437459678018075,0.5169324809714816,0.703505856283634,0.20255474452554745,0.6447368421052632,0.9431329902922921,0.03331332533013205,0.34476141742356403,0.7647847457059219,0.7777803516120146,0.4362910417516764,0.08947878932327251,
0.0,0.0,1.0,0.7232333333333333,0.4372332245600254,0.49502934691356887,0.7450538144982589,0.06204379562043796,0.6779904306220096,0.9333762950478363,0.025894897182025894,0.3328635189100305,0.746908956337004,0.6313120065851944,0.36713106237412835,0.011401260307344162,
0.7,0.0,0.3,0.6876,0.435195526244813,0.512715461573261,0.7020813548591326,0.1678832116788321,0.6681818181818182,0.94508362629168,0.03177892918825561,0.3352538710839035,0.7650396306657233,0.7773555378211373,0.43436108920986033,0.07763098070585807,
0.8,0.1,0.1,0.6774666666666667,0.4336757391295221,0.5154787610814133,0.6926242481798037,0.2062043795620438,0.6476076555023923,0.944885290148448,0.03210227272727273,0.34028912633563796,0.765093970612063,0.7908623629689575,0.4434122833922282,0.08716136783969737,
0.8,0.0,0.2,0.6693666666666667,0.4307087430973275,0.5153195134744202,0.6824548907882241,0.21350364963503649,0.65,0.9474811844201505,0.03125834891798023,0.33734790166376954,0.7647636530744863,0.8061175959640641,0.45127532989382885,0.08311341435271594,
0.9,0.1,0.0,0.6564,0.4273983018240663,0.516276566620543,0.6716128521684077,0.26094890510948904,0.6162679425837321,0.9485832448443525,0.031243172383657418,0.34209827357237715,0.7635589105119435,0.8221768316646257,0.46230550629207057,0.09200672534551432,
0.9,0.0,0.1,0.6482666666666667,0.4245407326598743,0.5165621896672963,0.6617600506489395,0.2718978102189781,0.6160287081339713,0.9502272727272727,0.03091286307053942,0.3397097625329815,0.7636323182413495,0.8376585486133975,0.470017058362607,0.08697912070471778,
1.0,0.0,0.0,0.6235333333333334,0.41629825743024274,0.5146406571236896,0.6374643874643875,0.3284671532846715,0.5779904306220096,0.952465413267116,0.029791459781529295,0.3429869392390687,0.7615926519956115,0.8730177578293356,0.49058627461646404,0.08846092690890633,
